Transaction ID,Customer ID,Category,Item,Price Per Unit,Quantity,Total Spent,Payment Method,Location,Transaction Date,Discount Applied,Año,Mes,AñoMes,Canal,Ingreso Validado,Origen Precio,Origen Artículo,Estado Calidad
TXN_1372952,CUST_21,Furniture,Item_20_FUR,33.5,,,Digital Wallet,In-store,2024-04-02,Sí,2024,4,2024-04,In-store,,Original,Inferido: categoría + precio único,Importe/cantidad no recuperable
TXN_1809665,CUST_14,Beverages,Item_14_BEV,24.5,,,Credit Card,In-store,2022-05-11,Desconocido,2022,5,2022-05,In-store,,Original,Inferido: categoría + precio único,Importe/cantidad no recuperable
TXN_4206593,CUST_01,Furniture,Item_21_FUR,35.0,,,Digital Wallet,Online,2025-01-13,No,2025,1,2025-01,Online,,Original,Inferido: categoría + precio único,Importe/cantidad no recuperable
TXN_3481599,CUST_05,Furniture,Item_24_FUR,39.5,,,Cash,Online,2022-09-08,No,2022,9,2022-09,Online,,Original,Inferido: categoría + precio único,Importe/cantidad no recuperable
TXN_1621497,CUST_06,Patisserie,Item_13_PAT,23.0,,,Cash,In-store,2023-02-18,Desconocido,2023,2,2023-02,In-store,,Original,Inferido: categoría + precio único,Importe/cantidad no recuperable
TXN_4532214,CUST_25,Patisserie,Item_8_PAT,15.5,,,Credit Card,In-store,2024-03-25,No,2024,3,2024-03,In-store,,Original,Inferido: categoría + precio único,Importe/cantidad no recuperable
TXN_5419965,CUST_23,Computers and electric accessories,Item_11_CEA,20.0,,,Digital Wallet,Online,2024-01-16,No,2024,1,2024-01,Online,,Original,Inferido: categoría + precio único,Importe/cantidad no recuperable
TXN_8210621,CUST_03,Beverages,Item_24_BEV,39.5,,,Digital Wallet,Online,2024-01-03,No,2024,1,2024-01,Online,,Original,Inferido: categoría + precio único,Importe/cantidad no recuperable
TXN_8586300,CUST_11,Computers and electric accessories,Item_16_CEA,27.5,,,Credit Card,Online,2022-02-08,No,2022,2,2022-02,Online,,Original,Inferido: categoría + precio único,Importe/cantidad no recuperable
TXN_1154680,CUST_25,Furniture,Item_21_FUR,35.0,,,Credit Card,Online,2022-12-18,No,2022,12,2022-12,Online,,Original,Inferido: categoría + precio único,Importe/cantidad no recuperable
TXN_9177662,CUST_15,Furniture,Item_14_FUR,24.5,,,Cash,In-store,2024-09-30,Sí,2024,9,2024-09,In-store,,Original,Inferido: categoría + precio único,Importe/cantidad no recuperable
TXN_1175914,CUST_13,Butchers,Item_13_BUT,23.0,,,Cash,In-store,2023-05-19,No,2023,5,2023-05,In-store,,Original,Inferido: categoría + precio único,Importe/cantidad no recuperable
TXN_9610555,CUST_15,Beverages,Item_2_BEV,6.5,,,Cash,In-store,2022-11-15,No,2022,11,2022-11,In-store,,Original,Inferido: categoría + precio único,Importe/cantidad no recuperable
TXN_1811555,CUST_15,Food,Item_18_FOOD,30.5,,,Cash,Online,2023-07-31,Desconocido,2023,7,2023-07,Online,,Original,Inferido: categoría + precio único,Importe/cantidad no recuperable
TXN_9246169,CUST_14,Electric household essentials,Item_23_EHE,38.0,,,Cash,Online,2023-08-16,No,2023,8,2023-08,Online,,Original,Inferido: categoría + precio único,Importe/cantidad no recuperable
TXN_9410785,CUST_24,Furniture,Item_6_FUR,12.5,,,Digital Wallet,Online,2024-01-14,No,2024,1,2024-01,Online,,Original,Inferido: categoría + precio único,Importe/cantidad no recuperable
TXN_9130896,CUST_03,Food,Item_11_FOOD,20.0,,,Digital Wallet,In-store,2022-05-17,Desconocido,2022,5,2022-05,In-store,,Original,Inferido: categoría + precio único,Importe/cantidad no recuperable
TXN_3096445,CUST_17,Computers and electric accessories,Item_19_CEA,32.0,,,Digital Wallet,In-store,2024-06-25,Desconocido,2024,6,2024-06,In-store,,Original,Inferido: categoría + precio único,Importe/cantidad no recuperable
TXN_8838958,CUST_01,Computers and electric accessories,Item_8_CEA,15.5,,,Cash,In-store,2024-11-08,Desconocido,2024,11,2024-11,In-store,,Original,Inferido: categoría + precio único,Importe/cantidad no recuperable
TXN_4351153,CUST_21,Food,Item_9_FOOD,17.0,,,Cash,In-store,2024-12-07,No,2024,12,2024-12,In-store,,Original,Inferido: categoría + precio único,Importe/cantidad no recuperable
TXN_2496138,CUST_22,Food,Item_5_FOOD,11.0,,,Cash,Online,2023-10-04,Desconocido,2023,10,2023-10,Online,,Original,Inferido: categoría + precio único,Importe/cantidad no recuperable
TXN_3834320,CUST_18,Beverages,Item_14_BEV,24.5,,,Cash,In-store,2022-11-08,Sí,2022,11,2022-11,In-store,,Original,Inferido: categoría + precio único,Importe/cantidad no recuperable
TXN_6615809,CUST_20,Computers and electric accessories,Item_8_CEA,15.5,,,Credit Card,In-store,2023-06-22,Sí,2023,6,2023-06,In-store,,Original,Inferido: categoría + precio único,Importe/cantidad no recuperable
TXN_6908704,CUST_16,Electric household essentials,Item_15_EHE,26.0,,,Digital Wallet,In-store,2024-02-04,Sí,2024,2,2024-02,In-store,,Original,Inferido: categoría + precio único,Importe/cantidad no recuperable
TXN_7383288,CUST_10,Milk Products,Item_15_MILK,26.0,,,Digital Wallet,In-store,2022-08-12,Desconocido,2022,8,2022-08,In-store,,Original,Inferido: categoría + precio único,Importe/cantidad no recuperable
TXN_2771813,CUST_17,Electric household essentials,Item_25_EHE,41.0,,,Digital Wallet,Online,2022-06-10,Desconocido,2022,6,2022-06,Online,,Original,Inferido: categoría + precio único,Importe/cantidad no recuperable
TXN_2346263,CUST_21,Electric household essentials,Item_6_EHE,12.5,,,Credit Card,In-store,2022-09-09,No,2022,9,2022-09,In-store,,Original,Inferido: categoría + precio único,Importe/cantidad no recuperable
TXN_3171192,CUST_13,Food,Item_15_FOOD,26.0,,,Cash,Online,2024-01-22,Sí,2024,1,2024-01,Online,,Original,Inferido: categoría + precio único,Importe/cantidad no recuperable
TXN_9472812,CUST_04,Food,Item_5_FOOD,11.0,,,Digital Wallet,Online,2024-08-16,Desconocido,2024,8,2024-08,Online,,Original,Inferido: categoría + precio único,Importe/cantidad no recuperable
TXN_3948610,CUST_07,Furniture,Item_20_FUR,33.5,,,Digital Wallet,In-store,2023-02-24,Desconocido,2023,2,2023-02,In-store,,Original,Inferido: categoría + precio único,Importe/cantidad no recuperable
TXN_5034035,CUST_08,Furniture,Item_4_FUR,9.5,,,Credit Card,Online,2024-08-25,No,2024,8,2024-08,Online,,Original,Inferido: categoría + precio único,Importe/cantidad no recuperable
TXN_9923470,CUST_21,Patisserie,Item_1_PAT,5.0,,,Digital Wallet,In-store,2023-03-08,Sí,2023,3,2023-03,In-store,,Original,Inferido: categoría + precio único,Importe/cantidad no recuperable
TXN_9671023,CUST_22,Computers and electric accessories,Item_18_CEA,30.5,,,Credit Card,In-store,2024-11-02,Sí,2024,11,2024-11,In-store,,Original,Inferido: categoría + precio único,Importe/cantidad no recuperable
TXN_8482271,CUST_23,Patisserie,Item_11_PAT,20.0,,,Cash,Online,2022-01-05,Desconocido,2022,1,2022-01,Online,,Original,Inferido: categoría + precio único,Importe/cantidad no recuperable
TXN_7068372,CUST_23,Computers and electric accessories,Item_13_CEA,23.0,,,Digital Wallet,In-store,2022-12-10,Desconocido,2022,12,2022-12,In-store,,Original,Inferido: categoría + precio único,Importe/cantidad no recuperable
TXN_6417831,CUST_22,Computers and electric accessories,Item_11_CEA,20.0,,,Credit Card,In-store,2024-01-05,No,2024,1,2024-01,In-store,,Original,Inferido: categoría + precio único,Importe/cantidad no recuperable
TXN_7461424,CUST_25,Beverages,Item_16_BEV,27.5,,,Cash,In-store,2024-11-23,Sí,2024,11,2024-11,In-store,,Original,Inferido: categoría + precio único,Importe/cantidad no recuperable
TXN_7705441,CUST_25,Milk Products,Item_15_MILK,26.0,,,Digital Wallet,Online,2022-02-27,No,2022,2,2022-02,Online,,Original,Inferido: categoría + precio único,Importe/cantidad no recuperable
TXN_9637396,CUST_19,Electric household essentials,Item_12_EHE,21.5,,,Cash,Online,2024-09-04,Desconocido,2024,9,2024-09,Online,,Original,Inferido: categoría + precio único,Importe/cantidad no recuperable
TXN_1909279,CUST_10,Electric household essentials,Item_14_EHE,24.5,,,Credit Card,Online,2024-06-12,Sí,2024,6,2024-06,Online,,Original,Inferido: categoría + precio único,Importe/cantidad no recuperable
TXN_1534681,CUST_08,Food,Item_14_FOOD,24.5,,,Credit Card,In-store,2023-01-11,No,2023,1,2023-01,In-store,,Original,Inferido: categoría + precio único,Importe/cantidad no recuperable
TXN_2515470,CUST_07,Food,Item_3_FOOD,8.0,,,Credit Card,Online,2023-09-20,Desconocido,2023,9,2023-09,Online,,Original,Inferido: categoría + precio único,Importe/cantidad no recuperable
TXN_8110567,CUST_02,Beverages,Item_20_BEV,33.5,,,Digital Wallet,In-store,2022-04-12,Sí,2022,4,2022-04,In-store,,Original,Inferido: categoría + precio único,Importe/cantidad no recuperable
TXN_3499525,CUST_02,Beverages,Item_8_BEV,15.5,,,Digital Wallet,Online,2024-02-16,Desconocido,2024,2,2024-02,Online,,Original,Inferido: categoría + precio único,Importe/cantidad no recuperable
TXN_8988049,CUST_01,Milk Products,Item_3_MILK,8.0,,,Digital Wallet,In-store,2023-06-27,No,2023,6,2023-06,In-store,,Original,Inferido: categoría + precio único,Importe/cantidad no recuperable
TXN_9887959,CUST_24,Beverages,Item_12_BEV,21.5,,,Cash,Online,2023-08-09,Sí,2023,8,2023-08,Online,,Original,Inferido: categoría + precio único,Importe/cantidad no recuperable
TXN_1995311,CUST_23,Patisserie,Item_23_PAT,38.0,,,Cash,In-store,2024-05-16,No,2024,5,2024-05,In-store,,Original,Inferido: categoría + precio único,Importe/cantidad no recuperable
TXN_2677539,CUST_15,Food,Item_24_FOOD,39.5,,,Cash,In-store,2022-08-31,No,2022,8,2022-08,In-store,,Original,Inferido: categoría + precio único,Importe/cantidad no recuperable
TXN_5980975,CUST_13,Furniture,Item_1_FUR,5.0,,,Credit Card,Online,2023-08-01,Desconocido,2023,8,2023-08,Online,,Original,Inferido: categoría + precio único,Importe/cantidad no recuperable
TXN_3368345,CUST_25,Furniture,Item_6_FUR,12.5,,,Credit Card,In-store,2022-10-03,No,2022,10,2022-10,In-store,,Original,Inferido: categoría + precio único,Importe/cantidad no recuperable
TXN_7113206,CUST_09,Milk Products,Item_16_MILK,27.5,,,Digital Wallet,In-store,2023-07-28,Desconocido,2023,7,2023-07,In-store,,Original,Inferido: categoría + precio único,Importe/cantidad no recuperable
TXN_3704834,CUST_07,Electric household essentials,Item_17_EHE,29.0,,,Cash,Online,2022-07-06,No,2022,7,2022-07,Online,,Original,Inferido: categoría + precio único,Importe/cantidad no recuperable
TXN_9620768,CUST_07,Butchers,Item_12_BUT,21.5,,,Cash,Online,2024-04-06,Sí,2024,4,2024-04,Online,,Original,Inferido: categoría + precio único,Importe/cantidad no recuperable
TXN_9025948,CUST_21,Beverages,Item_3_BEV,8.0,,,Digital Wallet,In-store,2023-12-25,Sí,2023,12,2023-12,In-store,,Original,Inferido: categoría + precio único,Importe/cantidad no recuperable
TXN_2126674,CUST_16,Milk Products,Item_24_MILK,39.5,,,Digital Wallet,In-store,2024-10-29,No,2024,10,2024-10,In-store,,Original,Inferido: categoría + precio único,Importe/cantidad no recuperable
TXN_3053471,CUST_16,Beverages,Item_17_BEV,29.0,,,Cash,Online,2024-06-09,Desconocido,2024,6,2024-06,Online,,Original,Inferido: categoría + precio único,Importe/cantidad no recuperable
TXN_4737365,CUST_05,Furniture,Item_14_FUR,24.5,,,Digital Wallet,Online,2023-11-02,Sí,2023,11,2023-11,Online,,Original,Inferido: categoría + precio único,Importe/cantidad no recuperable
TXN_1446103,CUST_20,Butchers,Item_2_BUT,6.5,,,Cash,In-store,2022-07-29,Sí,2022,7,2022-07,In-store,,Original,Inferido: categoría + precio único,Importe/cantidad no recuperable
TXN_8615445,CUST_01,Beverages,Item_12_BEV,21.5,,,Credit Card,In-store,2022-12-22,No,2022,12,2022-12,In-store,,Original,Inferido: categoría + precio único,Importe/cantidad no recuperable
TXN_7297595,CUST_19,Furniture,Item_24_FUR,39.5,,,Cash,In-store,2022-01-07,Desconocido,2022,1,2022-01,In-store,,Original,Inferido: categoría + precio único,Importe/cantidad no recuperable
TXN_7819515,CUST_13,Butchers,Item_6_BUT,12.5,,,Cash,Online,2022-02-15,No,2022,2,2022-02,Online,,Original,Inferido: categoría + precio único,Importe/cantidad no recuperable
TXN_9999124,CUST_02,Butchers,Item_22_BUT,36.5,,,Digital Wallet,In-store,2024-02-21,No,2024,2,2024-02,In-store,,Original,Inferido: categoría + precio único,Importe/cantidad no recuperable
TXN_7075100,CUST_20,Patisserie,Item_25_PAT,41.0,,,Digital Wallet,Online,2024-02-16,Sí,2024,2,2024-02,Online,,Original,Inferido: categoría + precio único,Importe/cantidad no recuperable
TXN_1276885,CUST_23,Patisserie,Item_1_PAT,5.0,,,Cash,In-store,2024-12-30,Desconocido,2024,12,2024-12,In-store,,Original,Inferido: categoría + precio único,Importe/cantidad no recuperable
TXN_7729357,CUST_08,Milk Products,Item_7_MILK,14.0,,,Credit Card,Online,2024-06-19,Desconocido,2024,6,2024-06,Online,,Original,Inferido: categoría + precio único,Importe/cantidad no recuperable
TXN_9773979,CUST_05,Computers and electric accessories,Item_3_CEA,8.0,,,Digital Wallet,Online,2024-11-04,No,2024,11,2024-11,Online,,Original,Inferido: categoría + precio único,Importe/cantidad no recuperable
TXN_2164614,CUST_07,Furniture,Item_2_FUR,6.5,,,Digital Wallet,Online,2023-05-18,Desconocido,2023,5,2023-05,Online,,Original,Inferido: categoría + precio único,Importe/cantidad no recuperable
TXN_2500042,CUST_13,Computers and electric accessories,Item_21_CEA,35.0,,,Digital Wallet,Online,2023-04-15,Sí,2023,4,2023-04,Online,,Original,Inferido: categoría + precio único,Importe/cantidad no recuperable
TXN_2082664,CUST_06,Beverages,Item_15_BEV,26.0,,,Digital Wallet,Online,2024-05-30,Sí,2024,5,2024-05,Online,,Original,Inferido: categoría + precio único,Importe/cantidad no recuperable
TXN_3988616,CUST_01,Butchers,Item_23_BUT,38.0,,,Digital Wallet,In-store,2024-09-17,Desconocido,2024,9,2024-09,In-store,,Original,Inferido: categoría + precio único,Importe/cantidad no recuperable
TXN_5069186,CUST_17,Electric household essentials,Item_2_EHE,6.5,,,Credit Card,Online,2023-01-10,Desconocido,2023,1,2023-01,Online,,Original,Inferido: categoría + precio único,Importe/cantidad no recuperable
TXN_6126106,CUST_10,Milk Products,Item_18_MILK,30.5,,,Digital Wallet,Online,2022-08-31,Desconocido,2022,8,2022-08,Online,,Original,Inferido: categoría + precio único,Importe/cantidad no recuperable
TXN_4880929,CUST_20,Butchers,Item_3_BUT,8.0,,,Digital Wallet,In-store,2023-11-03,Sí,2023,11,2023-11,In-store,,Original,Inferido: categoría + precio único,Importe/cantidad no recuperable
TXN_9469569,CUST_08,Food,Item_6_FOOD,12.5,,,Digital Wallet,In-store,2023-10-09,Desconocido,2023,10,2023-10,In-store,,Original,Inferido: categoría + precio único,Importe/cantidad no recuperable
TXN_8093982,CUST_12,Beverages,Item_16_BEV,27.5,,,Credit Card,Online,2022-03-11,Sí,2022,3,2022-03,Online,,Original,Inferido: categoría + precio único,Importe/cantidad no recuperable
TXN_3954012,CUST_02,Furniture,Item_6_FUR,12.5,,,Credit Card,In-store,2024-05-29,Desconocido,2024,5,2024-05,In-store,,Original,Inferido: categoría + precio único,Importe/cantidad no recuperable
TXN_3537865,CUST_21,Milk Products,Item_19_MILK,32.0,,,Credit Card,Online,2022-11-06,Sí,2022,11,2022-11,Online,,Original,Inferido: categoría + precio único,Importe/cantidad no recuperable
TXN_3745490,CUST_01,Computers and electric accessories,Item_6_CEA,12.5,,,Credit Card,Online,2023-09-04,Sí,2023,9,2023-09,Online,,Original,Inferido: categoría + precio único,Importe/cantidad no recuperable
TXN_8433240,CUST_01,Milk Products,Item_16_MILK,27.5,,,Cash,In-store,2024-03-28,Sí,2024,3,2024-03,In-store,,Original,Inferido: categoría + precio único,Importe/cantidad no recuperable
TXN_4056456,CUST_08,Electric household essentials,Item_4_EHE,9.5,,,Digital Wallet,Online,2022-05-23,No,2022,5,2022-05,Online,,Original,Inferido: categoría + precio único,Importe/cantidad no recuperable
TXN_8531399,CUST_18,Patisserie,Item_11_PAT,20.0,,,Cash,Online,2024-12-05,Sí,2024,12,2024-12,Online,,Original,Inferido: categoría + precio único,Importe/cantidad no recuperable
TXN_4245105,CUST_08,Milk Products,Item_19_MILK,32.0,,,Cash,In-store,2025-01-09,No,2025,1,2025-01,In-store,,Original,Inferido: categoría + precio único,Importe/cantidad no recuperable
TXN_2026101,CUST_10,Patisserie,Item_14_PAT,24.5,,,Cash,In-store,2023-05-14,Desconocido,2023,5,2023-05,In-store,,Original,Inferido: categoría + precio único,Importe/cantidad no recuperable
TXN_7673556,CUST_10,Milk Products,Item_16_MILK,27.5,,,Cash,In-store,2024-01-07,Sí,2024,1,2024-01,In-store,,Original,Inferido: categoría + precio único,Importe/cantidad no recuperable
TXN_8084251,CUST_16,Electric household essentials,Item_15_EHE,26.0,,,Digital Wallet,In-store,2024-01-03,Desconocido,2024,1,2024-01,In-store,,Original,Inferido: categoría + precio único,Importe/cantidad no recuperable
TXN_8794900,CUST_18,Computers and electric accessories,Item_19_CEA,32.0,,,Cash,In-store,2022-11-19,No,2022,11,2022-11,In-store,,Original,Inferido: categoría + precio único,Importe/cantidad no recuperable
TXN_5742371,CUST_18,Food,Item_4_FOOD,9.5,,,Credit Card,In-store,2023-04-25,Sí,2023,4,2023-04,In-store,,Original,Inferido: categoría + precio único,Importe/cantidad no recuperable
TXN_2584277,CUST_23,Electric household essentials,Item_20_EHE,33.5,,,Cash,In-store,2024-04-17,Sí,2024,4,2024-04,In-store,,Original,Inferido: categoría + precio único,Importe/cantidad no recuperable
TXN_2736863,CUST_13,Milk Products,Item_23_MILK,38.0,,,Digital Wallet,Online,2024-08-10,Sí,2024,8,2024-08,Online,,Original,Inferido: categoría + precio único,Importe/cantidad no recuperable
TXN_1985138,CUST_12,Patisserie,Item_5_PAT,11.0,,,Digital Wallet,In-store,2023-01-31,No,2023,1,2023-01,In-store,,Original,Inferido: categoría + precio único,Importe/cantidad no recuperable
TXN_7663942,CUST_02,Milk Products,Item_7_MILK,14.0,,,Cash,In-store,2023-02-28,Sí,2023,2,2023-02,In-store,,Original,Inferido: categoría + precio único,Importe/cantidad no recuperable
TXN_2384950,CUST_08,Computers and electric accessories,Item_9_CEA,17.0,,,Digital Wallet,Online,2023-01-11,No,2023,1,2023-01,Online,,Original,Inferido: categoría + precio único,Importe/cantidad no recuperable
TXN_3047170,CUST_15,Furniture,Item_4_FUR,9.5,,,Cash,Online,2025-01-16,Sí,2025,1,2025-01,Online,,Original,Inferido: categoría + precio único,Importe/cantidad no recuperable
TXN_6901057,CUST_16,Beverages,Item_3_BEV,8.0,,,Credit Card,Online,2024-08-31,Desconocido,2024,8,2024-08,Online,,Original,Inferido: categoría + precio único,Importe/cantidad no recuperable
TXN_8293398,CUST_19,Patisserie,Item_11_PAT,20.0,,,Cash,Online,2024-03-29,No,2024,3,2024-03,Online,,Original,Inferido: categoría + precio único,Importe/cantidad no recuperable
TXN_4877812,CUST_01,Furniture,Item_24_FUR,39.5,,,Credit Card,In-store,2024-02-15,Desconocido,2024,2,2024-02,In-store,,Original,Inferido: categoría + precio único,Importe/cantidad no recuperable
TXN_2826965,CUST_06,Computers and electric accessories,Item_14_CEA,24.5,,,Credit Card,Online,2022-09-12,Sí,2022,9,2022-09,Online,,Original,Inferido: categoría + precio único,Importe/cantidad no recuperable
TXN_1433054,CUST_13,Butchers,Item_12_BUT,21.5,,,Cash,Online,2023-01-25,Sí,2023,1,2023-01,Online,,Original,Inferido: categoría + precio único,Importe/cantidad no recuperable
TXN_9676475,CUST_19,Computers and electric accessories,Item_2_CEA,6.5,,,Digital Wallet,In-store,2025-01-17,Desconocido,2025,1,2025-01,In-store,,Original,Inferido: categoría + precio único,Importe/cantidad no recuperable
TXN_4201299,CUST_09,Food,Item_4_FOOD,9.5,,,Cash,Online,2023-02-16,No,2023,2,2023-02,Online,,Original,Inferido: categoría + precio único,Importe/cantidad no recuperable
TXN_3330661,CUST_19,Butchers,Item_12_BUT,21.5,,,Digital Wallet,In-store,2022-01-09,Sí,2022,1,2022-01,In-store,,Original,Inferido: categoría + precio único,Importe/cantidad no recuperable
TXN_6880511,CUST_20,Butchers,Item_4_BUT,9.5,,,Credit Card,In-store,2023-03-04,No,2023,3,2023-03,In-store,,Original,Inferido: categoría + precio único,Importe/cantidad no recuperable
TXN_5763933,CUST_07,Patisserie,Item_14_PAT,24.5,,,Digital Wallet,In-store,2022-11-30,Desconocido,2022,11,2022-11,In-store,,Original,Inferido: categoría + precio único,Importe/cantidad no recuperable
TXN_1770449,CUST_25,Electric household essentials,Item_23_EHE,38.0,,,Digital Wallet,In-store,2024-02-01,No,2024,2,2024-02,In-store,,Original,Inferido: categoría + precio único,Importe/cantidad no recuperable
TXN_5047909,CUST_03,Milk Products,Item_22_MILK,36.5,,,Digital Wallet,Online,2023-09-20,Sí,2023,9,2023-09,Online,,Original,Inferido: categoría + precio único,Importe/cantidad no recuperable
TXN_6522613,CUST_19,Computers and electric accessories,Item_12_CEA,21.5,,,Digital Wallet,Online,2023-04-13,Sí,2023,4,2023-04,Online,,Original,Inferido: categoría + precio único,Importe/cantidad no recuperable
TXN_9506859,CUST_13,Computers and electric accessories,Item_16_CEA,27.5,,,Cash,In-store,2022-10-28,No,2022,10,2022-10,In-store,,Original,Inferido: categoría + precio único,Importe/cantidad no recuperable
TXN_4801214,CUST_06,Food,Item_22_FOOD,36.5,,,Cash,Online,2024-10-17,Sí,2024,10,2024-10,Online,,Original,Inferido: categoría + precio único,Importe/cantidad no recuperable
TXN_4144500,CUST_05,Beverages,Item_17_BEV,29.0,,,Cash,In-store,2024-06-26,Desconocido,2024,6,2024-06,In-store,,Original,Inferido: categoría + precio único,Importe/cantidad no recuperable
TXN_5431879,CUST_10,Electric household essentials,Item_23_EHE,38.0,,,Credit Card,Online,2024-02-14,Desconocido,2024,2,2024-02,Online,,Original,Inferido: categoría + precio único,Importe/cantidad no recuperable
TXN_8464397,CUST_09,Food,Item_14_FOOD,24.5,,,Credit Card,In-store,2022-05-18,Sí,2022,5,2022-05,In-store,,Original,Inferido: categoría + precio único,Importe/cantidad no recuperable
TXN_8757042,CUST_17,Butchers,Item_22_BUT,36.5,,,Credit Card,Online,2022-11-30,No,2022,11,2022-11,Online,,Original,Inferido: categoría + precio único,Importe/cantidad no recuperable
TXN_8589807,CUST_21,Patisserie,Item_2_PAT,6.5,,,Digital Wallet,Online,2022-09-09,Desconocido,2022,9,2022-09,Online,,Original,Inferido: categoría + precio único,Importe/cantidad no recuperable
TXN_7675282,CUST_22,Electric household essentials,Item_15_EHE,26.0,,,Digital Wallet,In-store,2024-03-05,Desconocido,2024,3,2024-03,In-store,,Original,Inferido: categoría + precio único,Importe/cantidad no recuperable
TXN_4375011,CUST_19,Butchers,Item_4_BUT,9.5,,,Credit Card,In-store,2022-01-16,Desconocido,2022,1,2022-01,In-store,,Original,Inferido: categoría + precio único,Importe/cantidad no recuperable
TXN_5012129,CUST_13,Electric household essentials,Item_6_EHE,12.5,,,Cash,Online,2024-12-04,Desconocido,2024,12,2024-12,Online,,Original,Inferido: categoría + precio único,Importe/cantidad no recuperable
TXN_8416846,CUST_15,Beverages,Item_16_BEV,27.5,,,Cash,Online,2024-05-28,No,2024,5,2024-05,Online,,Original,Inferido: categoría + precio único,Importe/cantidad no recuperable
TXN_9676576,CUST_25,Furniture,Item_11_FUR,20.0,,,Digital Wallet,In-store,2023-06-27,Desconocido,2023,6,2023-06,In-store,,Original,Inferido: categoría + precio único,Importe/cantidad no recuperable
TXN_1649045,CUST_21,Computers and electric accessories,Item_12_CEA,21.5,,,Credit Card,Online,2023-01-18,Desconocido,2023,1,2023-01,Online,,Original,Inferido: categoría + precio único,Importe/cantidad no recuperable
TXN_1551058,CUST_14,Food,Item_20_FOOD,33.5,,,Cash,Online,2022-03-16,No,2022,3,2022-03,Online,,Original,Inferido: categoría + precio único,Importe/cantidad no recuperable
TXN_4118493,CUST_24,Patisserie,Item_24_PAT,39.5,,,Credit Card,In-store,2022-07-14,No,2022,7,2022-07,In-store,,Original,Inferido: categoría + precio único,Importe/cantidad no recuperable
TXN_6493139,CUST_06,Butchers,Item_25_BUT,41.0,,,Credit Card,In-store,2024-08-22,No,2024,8,2024-08,In-store,,Original,Inferido: categoría + precio único,Importe/cantidad no recuperable
TXN_3811015,CUST_24,Patisserie,Item_20_PAT,33.5,,,Cash,Online,2022-02-04,No,2022,2,2022-02,Online,,Original,Inferido: categoría + precio único,Importe/cantidad no recuperable
TXN_8737677,CUST_24,Butchers,Item_18_BUT,30.5,,,Cash,In-store,2024-12-06,No,2024,12,2024-12,In-store,,Original,Inferido: categoría + precio único,Importe/cantidad no recuperable
TXN_1153995,CUST_03,Electric household essentials,Item_13_EHE,23.0,,,Credit Card,In-store,2022-02-12,No,2022,2,2022-02,In-store,,Original,Inferido: categoría + precio único,Importe/cantidad no recuperable
TXN_1005543,CUST_19,Food,Item_18_FOOD,30.5,,,Cash,In-store,2022-12-03,Sí,2022,12,2022-12,In-store,,Original,Inferido: categoría + precio único,Importe/cantidad no recuperable
TXN_6186202,CUST_14,Patisserie,Item_10_PAT,18.5,,,Digital Wallet,In-store,2023-02-25,Desconocido,2023,2,2023-02,In-store,,Original,Inferido: categoría + precio único,Importe/cantidad no recuperable
TXN_4005159,CUST_23,Butchers,Item_19_BUT,32.0,,,Cash,In-store,2023-07-09,Desconocido,2023,7,2023-07,In-store,,Original,Inferido: categoría + precio único,Importe/cantidad no recuperable
TXN_6434080,CUST_01,Butchers,Item_25_BUT,41.0,,,Cash,Online,2022-06-02,No,2022,6,2022-06,Online,,Original,Inferido: categoría + precio único,Importe/cantidad no recuperable
TXN_3161464,CUST_02,Butchers,Item_12_BUT,21.5,,,Credit Card,In-store,2022-06-02,Sí,2022,6,2022-06,In-store,,Original,Inferido: categoría + precio único,Importe/cantidad no recuperable
TXN_9963254,CUST_08,Furniture,Item_16_FUR,27.5,,,Credit Card,In-store,2024-11-14,Sí,2024,11,2024-11,In-store,,Original,Inferido: categoría + precio único,Importe/cantidad no recuperable
TXN_7917265,CUST_18,Milk Products,Item_1_MILK,5.0,,,Cash,In-store,2024-02-18,Desconocido,2024,2,2024-02,In-store,,Original,Inferido: categoría + precio único,Importe/cantidad no recuperable
TXN_7726623,CUST_11,Beverages,Item_6_BEV,12.5,,,Credit Card,In-store,2024-12-16,Desconocido,2024,12,2024-12,In-store,,Original,Inferido: categoría + precio único,Importe/cantidad no recuperable
TXN_1130015,CUST_23,Milk Products,Item_4_MILK,9.5,,,Cash,In-store,2024-03-27,No,2024,3,2024-03,In-store,,Original,Inferido: categoría + precio único,Importe/cantidad no recuperable
TXN_7583557,CUST_14,Milk Products,Item_4_MILK,9.5,,,Cash,Online,2024-01-04,Desconocido,2024,1,2024-01,Online,,Original,Inferido: categoría + precio único,Importe/cantidad no recuperable
TXN_2500072,CUST_23,Food,Item_25_FOOD,41.0,,,Cash,Online,2023-02-24,Desconocido,2023,2,2023-02,Online,,Original,Inferido: categoría + precio único,Importe/cantidad no recuperable
TXN_6917746,CUST_05,Computers and electric accessories,Item_11_CEA,20.0,,,Cash,Online,2022-09-17,Desconocido,2022,9,2022-09,Online,,Original,Inferido: categoría + precio único,Importe/cantidad no recuperable
TXN_1882050,CUST_06,Patisserie,Item_14_PAT,24.5,,,Digital Wallet,In-store,2023-01-28,Desconocido,2023,1,2023-01,In-store,,Original,Inferido: categoría + precio único,Importe/cantidad no recuperable
TXN_9977844,CUST_18,Patisserie,Item_22_PAT,36.5,,,Digital Wallet,In-store,2022-12-27,Sí,2022,12,2022-12,In-store,,Original,Inferido: categoría + precio único,Importe/cantidad no recuperable
TXN_7472400,CUST_16,Patisserie,Item_6_PAT,12.5,,,Credit Card,In-store,2022-05-14,Sí,2022,5,2022-05,In-store,,Original,Inferido: categoría + precio único,Importe/cantidad no recuperable
TXN_8935474,CUST_08,Computers and electric accessories,Item_25_CEA,41.0,,,Credit Card,Online,2024-12-26,No,2024,12,2024-12,Online,,Original,Inferido: categoría + precio único,Importe/cantidad no recuperable
TXN_2792485,CUST_04,Computers and electric accessories,Item_2_CEA,6.5,,,Digital Wallet,In-store,2022-08-09,Desconocido,2022,8,2022-08,In-store,,Original,Inferido: categoría + precio único,Importe/cantidad no recuperable
TXN_1777313,CUST_07,Milk Products,Item_8_MILK,15.5,,,Credit Card,Online,2025-01-18,No,2025,1,2025-01,Online,,Original,Inferido: categoría + precio único,Importe/cantidad no recuperable
TXN_3894802,CUST_08,Beverages,Item_19_BEV,32.0,,,Digital Wallet,In-store,2023-04-10,No,2023,4,2023-04,In-store,,Original,Inferido: categoría + precio único,Importe/cantidad no recuperable
TXN_9224464,CUST_12,Computers and electric accessories,Item_5_CEA,11.0,,,Credit Card,Online,2024-05-04,Desconocido,2024,5,2024-05,Online,,Original,Inferido: categoría + precio único,Importe/cantidad no recuperable
TXN_3909836,CUST_14,Patisserie,Item_8_PAT,15.5,,,Credit Card,In-store,2023-03-02,No,2023,3,2023-03,In-store,,Original,Inferido: categoría + precio único,Importe/cantidad no recuperable
TXN_3838434,CUST_13,Food,Item_9_FOOD,17.0,,,Cash,Online,2022-01-26,Desconocido,2022,1,2022-01,Online,,Original,Inferido: categoría + precio único,Importe/cantidad no recuperable
TXN_5599747,CUST_19,Patisserie,Item_5_PAT,11.0,,,Credit Card,Online,2022-05-15,Sí,2022,5,2022-05,Online,,Original,Inferido: categoría + precio único,Importe/cantidad no recuperable
TXN_4279575,CUST_18,Furniture,Item_20_FUR,33.5,,,Digital Wallet,In-store,2024-09-25,No,2024,9,2024-09,In-store,,Original,Inferido: categoría + precio único,Importe/cantidad no recuperable
TXN_1041483,CUST_19,Electric household essentials,Item_8_EHE,15.5,,,Cash,In-store,2024-03-19,Desconocido,2024,3,2024-03,In-store,,Original,Inferido: categoría + precio único,Importe/cantidad no recuperable
TXN_4800229,CUST_01,Food,Item_6_FOOD,12.5,,,Credit Card,In-store,2024-06-06,No,2024,6,2024-06,In-store,,Original,Inferido: categoría + precio único,Importe/cantidad no recuperable
TXN_9430988,CUST_13,Milk Products,Item_22_MILK,36.5,,,Cash,In-store,2024-05-31,Sí,2024,5,2024-05,In-store,,Original,Inferido: categoría + precio único,Importe/cantidad no recuperable
TXN_3122188,CUST_24,Food,Item_12_FOOD,21.5,,,Credit Card,Online,2023-02-25,Desconocido,2023,2,2023-02,Online,,Original,Inferido: categoría + precio único,Importe/cantidad no recuperable
TXN_9818603,CUST_05,Computers and electric accessories,Item_3_CEA,8.0,,,Credit Card,In-store,2023-07-20,Desconocido,2023,7,2023-07,In-store,,Original,Inferido: categoría + precio único,Importe/cantidad no recuperable
TXN_1609763,CUST_25,Electric household essentials,Item_22_EHE,36.5,,,Credit Card,Online,2023-03-23,No,2023,3,2023-03,Online,,Original,Inferido: categoría + precio único,Importe/cantidad no recuperable
TXN_1491657,CUST_07,Beverages,Item_1_BEV,5.0,,,Cash,Online,2022-09-26,Sí,2022,9,2022-09,Online,,Original,Inferido: categoría + precio único,Importe/cantidad no recuperable
TXN_8635339,CUST_09,Milk Products,Item_5_MILK,11.0,,,Credit Card,In-store,2024-10-31,No,2024,10,2024-10,In-store,,Original,Inferido: categoría + precio único,Importe/cantidad no recuperable
TXN_6328369,CUST_12,Food,Item_2_FOOD,6.5,,,Credit Card,Online,2024-03-18,Desconocido,2024,3,2024-03,Online,,Original,Inferido: categoría + precio único,Importe/cantidad no recuperable
TXN_6254334,CUST_23,Butchers,Item_19_BUT,32.0,,,Digital Wallet,Online,2022-03-29,Desconocido,2022,3,2022-03,Online,,Original,Inferido: categoría + precio único,Importe/cantidad no recuperable
TXN_7581231,CUST_18,Milk Products,Item_7_MILK,14.0,,,Credit Card,In-store,2024-12-09,Desconocido,2024,12,2024-12,In-store,,Original,Inferido: categoría + precio único,Importe/cantidad no recuperable
TXN_3462517,CUST_01,Patisserie,Item_4_PAT,9.5,,,Credit Card,In-store,2024-02-01,Desconocido,2024,2,2024-02,In-store,,Original,Inferido: categoría + precio único,Importe/cantidad no recuperable
TXN_8048579,CUST_23,Furniture,Item_12_FUR,21.5,,,Cash,Online,2023-03-28,Sí,2023,3,2023-03,Online,,Original,Inferido: categoría + precio único,Importe/cantidad no recuperable
TXN_6664172,CUST_21,Food,Item_13_FOOD,23.0,,,Digital Wallet,Online,2023-03-01,Desconocido,2023,3,2023-03,Online,,Original,Inferido: categoría + precio único,Importe/cantidad no recuperable
TXN_2823143,CUST_02,Butchers,Item_23_BUT,38.0,,,Credit Card,In-store,2023-09-21,Sí,2023,9,2023-09,In-store,,Original,Inferido: categoría + precio único,Importe/cantidad no recuperable
TXN_9900913,CUST_25,Patisserie,Item_16_PAT,27.5,,,Cash,In-store,2023-11-15,Desconocido,2023,11,2023-11,In-store,,Original,Inferido: categoría + precio único,Importe/cantidad no recuperable
TXN_3543537,CUST_07,Milk Products,Item_20_MILK,33.5,,,Cash,Online,2024-01-11,Sí,2024,1,2024-01,Online,,Original,Inferido: categoría + precio único,Importe/cantidad no recuperable
TXN_6159311,CUST_02,Beverages,Item_25_BEV,41.0,,,Cash,In-store,2024-10-18,No,2024,10,2024-10,In-store,,Original,Inferido: categoría + precio único,Importe/cantidad no recuperable
TXN_1671487,CUST_22,Electric household essentials,Item_20_EHE,33.5,,,Digital Wallet,In-store,2023-12-03,No,2023,12,2023-12,In-store,,Original,Inferido: categoría + precio único,Importe/cantidad no recuperable
TXN_4182653,CUST_01,Electric household essentials,Item_23_EHE,38.0,,,Cash,In-store,2023-05-10,Sí,2023,5,2023-05,In-store,,Original,Inferido: categoría + precio único,Importe/cantidad no recuperable
TXN_4783696,CUST_13,Furniture,Item_25_FUR,41.0,,,Cash,In-store,2022-10-26,Desconocido,2022,10,2022-10,In-store,,Original,Inferido: categoría + precio único,Importe/cantidad no recuperable
TXN_4071141,CUST_11,Food,Item_20_FOOD,33.5,,,Cash,In-store,2024-12-13,No,2024,12,2024-12,In-store,,Original,Inferido: categoría + precio único,Importe/cantidad no recuperable
TXN_4041690,CUST_24,Electric household essentials,Item_5_EHE,11.0,,,Credit Card,Online,2022-07-02,No,2022,7,2022-07,Online,,Original,Inferido: categoría + precio único,Importe/cantidad no recuperable
TXN_5101986,CUST_15,Beverages,Item_14_BEV,24.5,,,Cash,In-store,2024-06-16,Desconocido,2024,6,2024-06,In-store,,Original,Inferido: categoría + precio único,Importe/cantidad no recuperable
TXN_2532729,CUST_17,Beverages,Item_7_BEV,14.0,,,Cash,In-store,2022-08-10,Sí,2022,8,2022-08,In-store,,Original,Inferido: categoría + precio único,Importe/cantidad no recuperable
TXN_4658659,CUST_12,Food,Item_14_FOOD,24.5,,,Digital Wallet,In-store,2024-07-30,No,2024,7,2024-07,In-store,,Original,Inferido: categoría + precio único,Importe/cantidad no recuperable
TXN_4593029,CUST_07,Milk Products,Item_11_MILK,20.0,,,Digital Wallet,In-store,2024-05-14,No,2024,5,2024-05,In-store,,Original,Inferido: categoría + precio único,Importe/cantidad no recuperable
TXN_8883231,CUST_04,Computers and electric accessories,Item_19_CEA,32.0,,,Cash,Online,2024-12-12,Sí,2024,12,2024-12,Online,,Original,Inferido: categoría + precio único,Importe/cantidad no recuperable
TXN_9619283,CUST_01,Butchers,Item_21_BUT,35.0,,,Credit Card,Online,2022-12-11,Desconocido,2022,12,2022-12,Online,,Original,Inferido: categoría + precio único,Importe/cantidad no recuperable
TXN_7084750,CUST_25,Food,Item_12_FOOD,21.5,,,Digital Wallet,In-store,2022-07-20,Sí,2022,7,2022-07,In-store,,Original,Inferido: categoría + precio único,Importe/cantidad no recuperable
TXN_8882076,CUST_25,Computers and electric accessories,Item_16_CEA,27.5,,,Cash,Online,2022-03-31,Sí,2022,3,2022-03,Online,,Original,Inferido: categoría + precio único,Importe/cantidad no recuperable
TXN_1220541,CUST_21,Food,Item_21_FOOD,35.0,,,Digital Wallet,In-store,2023-12-03,No,2023,12,2023-12,In-store,,Original,Inferido: categoría + precio único,Importe/cantidad no recuperable
TXN_4567294,CUST_21,Patisserie,Item_12_PAT,21.5,,,Digital Wallet,Online,2022-03-28,No,2022,3,2022-03,Online,,Original,Inferido: categoría + precio único,Importe/cantidad no recuperable
TXN_2514543,CUST_20,Patisserie,Item_4_PAT,9.5,,,Digital Wallet,In-store,2022-06-08,Desconocido,2022,6,2022-06,In-store,,Original,Inferido: categoría + precio único,Importe/cantidad no recuperable
TXN_6206996,CUST_23,Computers and electric accessories,Item_12_CEA,21.5,,,Credit Card,Online,2022-01-31,No,2022,1,2022-01,Online,,Original,Inferido: categoría + precio único,Importe/cantidad no recuperable
TXN_8127777,CUST_14,Patisserie,Item_20_PAT,33.5,,,Digital Wallet,In-store,2023-02-27,Desconocido,2023,2,2023-02,In-store,,Original,Inferido: categoría + precio único,Importe/cantidad no recuperable
TXN_4344596,CUST_17,Patisserie,Item_17_PAT,29.0,,,Credit Card,Online,2024-04-03,No,2024,4,2024-04,Online,,Original,Inferido: categoría + precio único,Importe/cantidad no recuperable
TXN_5728541,CUST_12,Furniture,Item_8_FUR,15.5,,,Cash,Online,2022-01-27,Desconocido,2022,1,2022-01,Online,,Original,Inferido: categoría + precio único,Importe/cantidad no recuperable
TXN_2324094,CUST_18,Computers and electric accessories,Item_5_CEA,11.0,,,Credit Card,In-store,2024-12-07,Desconocido,2024,12,2024-12,In-store,,Original,Inferido: categoría + precio único,Importe/cantidad no recuperable
TXN_2788067,CUST_17,Electric household essentials,Item_21_EHE,35.0,,,Cash,In-store,2022-08-23,No,2022,8,2022-08,In-store,,Original,Inferido: categoría + precio único,Importe/cantidad no recuperable
TXN_7354091,CUST_22,Patisserie,Item_11_PAT,20.0,,,Digital Wallet,In-store,2024-04-28,Sí,2024,4,2024-04,In-store,,Original,Inferido: categoría + precio único,Importe/cantidad no recuperable
TXN_8697140,CUST_03,Beverages,Item_12_BEV,21.5,,,Digital Wallet,Online,2022-11-08,Sí,2022,11,2022-11,Online,,Original,Inferido: categoría + precio único,Importe/cantidad no recuperable
TXN_5311325,CUST_05,Computers and electric accessories,Item_14_CEA,24.5,,,Credit Card,In-store,2022-08-28,Desconocido,2022,8,2022-08,In-store,,Original,Inferido: categoría + precio único,Importe/cantidad no recuperable
TXN_9646389,CUST_22,Beverages,Item_16_BEV,27.5,,,Credit Card,In-store,2022-02-17,Sí,2022,2,2022-02,In-store,,Original,Inferido: categoría + precio único,Importe/cantidad no recuperable
TXN_1402550,CUST_15,Patisserie,Item_17_PAT,29.0,,,Credit Card,Online,2024-05-01,No,2024,5,2024-05,Online,,Original,Inferido: categoría + precio único,Importe/cantidad no recuperable
TXN_6739031,CUST_14,Butchers,Item_2_BUT,6.5,,,Digital Wallet,In-store,2022-04-04,Desconocido,2022,4,2022-04,In-store,,Original,Inferido: categoría + precio único,Importe/cantidad no recuperable
TXN_9017801,CUST_06,Milk Products,Item_22_MILK,36.5,,,Credit Card,Online,2022-01-29,Desconocido,2022,1,2022-01,Online,,Original,Inferido: categoría + precio único,Importe/cantidad no recuperable
TXN_7783626,CUST_13,Computers and electric accessories,Item_1_CEA,5.0,,,Cash,Online,2022-07-13,Desconocido,2022,7,2022-07,Online,,Original,Inferido: categoría + precio único,Importe/cantidad no recuperable
TXN_4443574,CUST_08,Butchers,Item_13_BUT,23.0,,,Digital Wallet,Online,2024-01-08,No,2024,1,2024-01,Online,,Original,Inferido: categoría + precio único,Importe/cantidad no recuperable
TXN_4024714,CUST_13,Food,Item_18_FOOD,30.5,,,Credit Card,Online,2024-04-10,Sí,2024,4,2024-04,Online,,Original,Inferido: categoría + precio único,Importe/cantidad no recuperable
TXN_8595871,CUST_12,Butchers,Item_22_BUT,36.5,,,Credit Card,Online,2023-06-20,Desconocido,2023,6,2023-06,Online,,Original,Inferido: categoría + precio único,Importe/cantidad no recuperable
TXN_5102434,CUST_10,Beverages,Item_12_BEV,21.5,,,Credit Card,Online,2024-01-06,No,2024,1,2024-01,Online,,Original,Inferido: categoría + precio único,Importe/cantidad no recuperable
TXN_6981473,CUST_17,Beverages,Item_12_BEV,21.5,,,Cash,In-store,2022-01-23,Sí,2022,1,2022-01,In-store,,Original,Inferido: categoría + precio único,Importe/cantidad no recuperable
TXN_5498271,CUST_17,Computers and electric accessories,Item_11_CEA,20.0,,,Digital Wallet,In-store,2024-01-25,Desconocido,2024,1,2024-01,In-store,,Original,Inferido: categoría + precio único,Importe/cantidad no recuperable
TXN_5103418,CUST_02,Patisserie,Item_4_PAT,9.5,,,Digital Wallet,Online,2023-10-24,Sí,2023,10,2023-10,Online,,Original,Inferido: categoría + precio único,Importe/cantidad no recuperable
TXN_9276432,CUST_13,Butchers,Item_12_BUT,21.5,,,Credit Card,In-store,2022-01-14,Desconocido,2022,1,2022-01,In-store,,Original,Inferido: categoría + precio único,Importe/cantidad no recuperable
TXN_5162382,CUST_24,Electric household essentials,Item_8_EHE,15.5,,,Digital Wallet,Online,2023-08-26,Desconocido,2023,8,2023-08,Online,,Original,Inferido: categoría + precio único,Importe/cantidad no recuperable
TXN_8868085,CUST_19,Furniture,Item_3_FUR,8.0,,,Credit Card,Online,2024-03-07,No,2024,3,2024-03,Online,,Original,Inferido: categoría + precio único,Importe/cantidad no recuperable
TXN_1539411,CUST_07,Beverages,Item_4_BEV,9.5,,,Cash,In-store,2024-08-08,Desconocido,2024,8,2024-08,In-store,,Original,Inferido: categoría + precio único,Importe/cantidad no recuperable
TXN_7133661,CUST_16,Butchers,Item_5_BUT,11.0,,,Cash,In-store,2024-01-03,Desconocido,2024,1,2024-01,In-store,,Original,Inferido: categoría + precio único,Importe/cantidad no recuperable
TXN_1532460,CUST_09,Furniture,Item_17_FUR,29.0,,,Digital Wallet,Online,2023-05-06,Sí,2023,5,2023-05,Online,,Original,Inferido: categoría + precio único,Importe/cantidad no recuperable
TXN_3379956,CUST_15,Computers and electric accessories,Item_20_CEA,33.5,,,Cash,In-store,2022-02-15,Sí,2022,2,2022-02,In-store,,Original,Inferido: categoría + precio único,Importe/cantidad no recuperable
TXN_1442308,CUST_11,Electric household essentials,Item_19_EHE,32.0,,,Cash,Online,2024-01-31,Desconocido,2024,1,2024-01,Online,,Original,Inferido: categoría + precio único,Importe/cantidad no recuperable
TXN_7785972,CUST_04,Furniture,Item_14_FUR,24.5,,,Cash,In-store,2022-12-15,Desconocido,2022,12,2022-12,In-store,,Original,Inferido: categoría + precio único,Importe/cantidad no recuperable
TXN_4187431,CUST_23,Electric household essentials,Item_10_EHE,18.5,,,Digital Wallet,In-store,2022-05-18,No,2022,5,2022-05,In-store,,Original,Inferido: categoría + precio único,Importe/cantidad no recuperable
TXN_3415090,CUST_04,Electric household essentials,Item_21_EHE,35.0,,,Digital Wallet,In-store,2023-01-20,No,2023,1,2023-01,In-store,,Original,Inferido: categoría + precio único,Importe/cantidad no recuperable
TXN_5020561,CUST_14,Beverages,Item_9_BEV,17.0,,,Cash,In-store,2024-03-07,No,2024,3,2024-03,In-store,,Original,Inferido: categoría + precio único,Importe/cantidad no recuperable
TXN_1945001,CUST_19,Beverages,Item_3_BEV,8.0,,,Credit Card,In-store,2022-06-27,No,2022,6,2022-06,In-store,,Original,Inferido: categoría + precio único,Importe/cantidad no recuperable
TXN_6434099,CUST_25,Patisserie,Item_22_PAT,36.5,,,Cash,Online,2024-08-08,Desconocido,2024,8,2024-08,Online,,Original,Inferido: categoría + precio único,Importe/cantidad no recuperable
TXN_2118875,CUST_12,Patisserie,Item_3_PAT,8.0,,,Digital Wallet,In-store,2023-07-13,Desconocido,2023,7,2023-07,In-store,,Original,Inferido: categoría + precio único,Importe/cantidad no recuperable
TXN_5041305,CUST_07,Butchers,Item_23_BUT,38.0,,,Digital Wallet,Online,2024-11-29,Desconocido,2024,11,2024-11,Online,,Original,Inferido: categoría + precio único,Importe/cantidad no recuperable
TXN_3800420,CUST_20,Electric household essentials,Item_14_EHE,24.5,,,Cash,In-store,2023-12-14,No,2023,12,2023-12,In-store,,Original,Inferido: categoría + precio único,Importe/cantidad no recuperable
TXN_5280917,CUST_20,Furniture,Item_1_FUR,5.0,,,Credit Card,In-store,2022-05-23,Desconocido,2022,5,2022-05,In-store,,Original,Inferido: categoría + precio único,Importe/cantidad no recuperable
TXN_1574191,CUST_15,Beverages,Item_21_BEV,35.0,,,Digital Wallet,Online,2024-02-24,No,2024,2,2024-02,Online,,Original,Inferido: categoría + precio único,Importe/cantidad no recuperable
TXN_6615635,CUST_22,Furniture,Item_11_FUR,20.0,,,Credit Card,Online,2023-03-20,Desconocido,2023,3,2023-03,Online,,Original,Inferido: categoría + precio único,Importe/cantidad no recuperable
TXN_9012548,CUST_23,Butchers,Item_8_BUT,15.5,,,Credit Card,In-store,2023-11-28,No,2023,11,2023-11,In-store,,Original,Inferido: categoría + precio único,Importe/cantidad no recuperable
TXN_9224310,CUST_03,Computers and electric accessories,Item_5_CEA,11.0,,,Credit Card,Online,2023-11-21,Sí,2023,11,2023-11,Online,,Original,Inferido: categoría + precio único,Importe/cantidad no recuperable
TXN_6130668,CUST_22,Electric household essentials,Item_16_EHE,27.5,,,Cash,In-store,2022-01-19,Sí,2022,1,2022-01,In-store,,Original,Inferido: categoría + precio único,Importe/cantidad no recuperable
TXN_4797230,CUST_20,Electric household essentials,Item_12_EHE,21.5,,,Credit Card,In-store,2023-08-01,Sí,2023,8,2023-08,In-store,,Original,Inferido: categoría + precio único,Importe/cantidad no recuperable
TXN_7312497,CUST_18,Beverages,Item_7_BEV,14.0,,,Cash,In-store,2024-08-23,Sí,2024,8,2024-08,In-store,,Original,Inferido: categoría + precio único,Importe/cantidad no recuperable
TXN_3096679,CUST_20,Beverages,Item_4_BEV,9.5,,,Digital Wallet,Online,2022-09-17,Sí,2022,9,2022-09,Online,,Original,Inferido: categoría + precio único,Importe/cantidad no recuperable
TXN_4219023,CUST_06,Butchers,Item_16_BUT,27.5,,,Digital Wallet,In-store,2024-01-04,Desconocido,2024,1,2024-01,In-store,,Original,Inferido: categoría + precio único,Importe/cantidad no recuperable
TXN_8390000,CUST_07,Patisserie,Item_22_PAT,36.5,,,Cash,In-store,2022-11-09,Desconocido,2022,11,2022-11,In-store,,Original,Inferido: categoría + precio único,Importe/cantidad no recuperable
TXN_3450894,CUST_03,Furniture,Item_21_FUR,35.0,,,Credit Card,In-store,2022-11-25,Desconocido,2022,11,2022-11,In-store,,Original,Inferido: categoría + precio único,Importe/cantidad no recuperable
TXN_5125110,CUST_09,Patisserie,Item_12_PAT,21.5,,,Digital Wallet,In-store,2024-08-13,No,2024,8,2024-08,In-store,,Original,Inferido: categoría + precio único,Importe/cantidad no recuperable
TXN_3661385,CUST_25,Butchers,Item_20_BUT,33.5,,,Digital Wallet,In-store,2024-09-21,Sí,2024,9,2024-09,In-store,,Original,Inferido: categoría + precio único,Importe/cantidad no recuperable
TXN_6979277,CUST_13,Computers and electric accessories,Item_10_CEA,18.5,,,Digital Wallet,Online,2024-05-16,No,2024,5,2024-05,Online,,Original,Inferido: categoría + precio único,Importe/cantidad no recuperable
TXN_7773278,CUST_11,Electric household essentials,Item_23_EHE,38.0,,,Cash,Online,2024-05-25,Desconocido,2024,5,2024-05,Online,,Original,Inferido: categoría + precio único,Importe/cantidad no recuperable
TXN_4929314,CUST_24,Electric household essentials,Item_13_EHE,23.0,,,Digital Wallet,Online,2022-11-13,Desconocido,2022,11,2022-11,Online,,Original,Inferido: categoría + precio único,Importe/cantidad no recuperable
TXN_7780832,CUST_04,Computers and electric accessories,Item_11_CEA,20.0,,,Cash,In-store,2024-06-14,Desconocido,2024,6,2024-06,In-store,,Original,Inferido: categoría + precio único,Importe/cantidad no recuperable
TXN_6233782,CUST_14,Butchers,Item_9_BUT,17.0,,,Digital Wallet,Online,2022-02-14,Sí,2022,2,2022-02,Online,,Original,Inferido: categoría + precio único,Importe/cantidad no recuperable
TXN_1187836,CUST_01,Computers and electric accessories,Item_23_CEA,38.0,,,Digital Wallet,In-store,2022-12-20,No,2022,12,2022-12,In-store,,Original,Inferido: categoría + precio único,Importe/cantidad no recuperable
TXN_1199916,CUST_21,Furniture,Item_2_FUR,6.5,,,Digital Wallet,In-store,2022-06-25,Desconocido,2022,6,2022-06,In-store,,Original,Inferido: categoría + precio único,Importe/cantidad no recuperable
TXN_6682588,CUST_02,Furniture,Item_24_FUR,39.5,,,Cash,In-store,2022-03-06,Desconocido,2022,3,2022-03,In-store,,Original,Inferido: categoría + precio único,Importe/cantidad no recuperable
TXN_7564225,CUST_18,Food,Item_12_FOOD,21.5,,,Digital Wallet,In-store,2024-11-09,Sí,2024,11,2024-11,In-store,,Original,Inferido: categoría + precio único,Importe/cantidad no recuperable
TXN_3928142,CUST_01,Furniture,Item_21_FUR,35.0,,,Credit Card,In-store,2025-01-05,Desconocido,2025,1,2025-01,In-store,,Original,Inferido: categoría + precio único,Importe/cantidad no recuperable
TXN_3853013,CUST_04,Beverages,Item_21_BEV,35.0,,,Cash,Online,2023-07-28,Sí,2023,7,2023-07,Online,,Original,Inferido: categoría + precio único,Importe/cantidad no recuperable
TXN_1864016,CUST_08,Furniture,Item_15_FUR,26.0,,,Credit Card,In-store,2024-03-15,Sí,2024,3,2024-03,In-store,,Original,Inferido: categoría + precio único,Importe/cantidad no recuperable
TXN_4271313,CUST_12,Patisserie,Item_9_PAT,17.0,,,Cash,Online,2024-12-09,No,2024,12,2024-12,Online,,Original,Inferido: categoría + precio único,Importe/cantidad no recuperable
TXN_8100199,CUST_01,Butchers,Item_23_BUT,38.0,,,Credit Card,Online,2023-11-27,Desconocido,2023,11,2023-11,Online,,Original,Inferido: categoría + precio único,Importe/cantidad no recuperable
TXN_3244419,CUST_16,Food,Item_10_FOOD,18.5,,,Cash,In-store,2022-12-12,Sí,2022,12,2022-12,In-store,,Original,Inferido: categoría + precio único,Importe/cantidad no recuperable
TXN_5087206,CUST_21,Computers and electric accessories,Item_9_CEA,17.0,,,Digital Wallet,Online,2022-10-21,No,2022,10,2022-10,Online,,Original,Inferido: categoría + precio único,Importe/cantidad no recuperable
TXN_5960598,CUST_08,Computers and electric accessories,Item_2_CEA,6.5,,,Digital Wallet,Online,2023-06-07,No,2023,6,2023-06,Online,,Original,Inferido: categoría + precio único,Importe/cantidad no recuperable
TXN_6556712,CUST_15,Milk Products,Item_11_MILK,20.0,,,Cash,In-store,2024-04-22,Desconocido,2024,4,2024-04,In-store,,Original,Inferido: categoría + precio único,Importe/cantidad no recuperable
TXN_9517045,CUST_09,Electric household essentials,Item_9_EHE,17.0,,,Digital Wallet,Online,2023-05-20,Desconocido,2023,5,2023-05,Online,,Original,Inferido: categoría + precio único,Importe/cantidad no recuperable
TXN_4052796,CUST_20,Furniture,Item_20_FUR,33.5,,,Credit Card,In-store,2023-08-14,Desconocido,2023,8,2023-08,In-store,,Original,Inferido: categoría + precio único,Importe/cantidad no recuperable
TXN_4206470,CUST_05,Electric household essentials,Item_13_EHE,23.0,,,Cash,In-store,2024-06-28,Desconocido,2024,6,2024-06,In-store,,Original,Inferido: categoría + precio único,Importe/cantidad no recuperable
TXN_2913442,CUST_05,Butchers,Item_3_BUT,8.0,,,Cash,Online,2023-12-05,Sí,2023,12,2023-12,Online,,Original,Inferido: categoría + precio único,Importe/cantidad no recuperable
TXN_5416741,CUST_13,Computers and electric accessories,Item_3_CEA,8.0,,,Credit Card,Online,2022-02-02,No,2022,2,2022-02,Online,,Original,Inferido: categoría + precio único,Importe/cantidad no recuperable
TXN_4591527,CUST_01,Computers and electric accessories,Item_23_CEA,38.0,,,Digital Wallet,Online,2022-02-03,No,2022,2,2022-02,Online,,Original,Inferido: categoría + precio único,Importe/cantidad no recuperable
TXN_6179863,CUST_02,Butchers,Item_18_BUT,30.5,,,Credit Card,In-store,2023-10-29,Desconocido,2023,10,2023-10,In-store,,Original,Inferido: categoría + precio único,Importe/cantidad no recuperable
TXN_3077115,CUST_10,Furniture,Item_25_FUR,41.0,,,Digital Wallet,Online,2024-07-10,No,2024,7,2024-07,Online,,Original,Inferido: categoría + precio único,Importe/cantidad no recuperable
TXN_8284459,CUST_20,Food,Item_4_FOOD,9.5,,,Credit Card,In-store,2022-07-03,Sí,2022,7,2022-07,In-store,,Original,Inferido: categoría + precio único,Importe/cantidad no recuperable
TXN_9403595,CUST_11,Milk Products,Item_1_MILK,5.0,,,Cash,In-store,2023-12-12,No,2023,12,2023-12,In-store,,Original,Inferido: categoría + precio único,Importe/cantidad no recuperable
TXN_1415403,CUST_22,Patisserie,Item_17_PAT,29.0,,,Credit Card,Online,2022-08-23,No,2022,8,2022-08,Online,,Original,Inferido: categoría + precio único,Importe/cantidad no recuperable
TXN_5172318,CUST_20,Beverages,Item_12_BEV,21.5,,,Credit Card,Online,2024-11-11,Desconocido,2024,11,2024-11,Online,,Original,Inferido: categoría + precio único,Importe/cantidad no recuperable
TXN_2733918,CUST_25,Food,Item_21_FOOD,35.0,,,Cash,Online,2024-10-28,Desconocido,2024,10,2024-10,Online,,Original,Inferido: categoría + precio único,Importe/cantidad no recuperable
TXN_7061960,CUST_12,Patisserie,Item_13_PAT,23.0,,,Digital Wallet,Online,2022-12-26,No,2022,12,2022-12,Online,,Original,Inferido: categoría + precio único,Importe/cantidad no recuperable
TXN_6876674,CUST_10,Food,Item_18_FOOD,30.5,,,Credit Card,Online,2024-05-14,Sí,2024,5,2024-05,Online,,Original,Inferido: categoría + precio único,Importe/cantidad no recuperable
TXN_7535814,CUST_05,Butchers,Item_23_BUT,38.0,,,Credit Card,In-store,2022-12-03,Sí,2022,12,2022-12,In-store,,Original,Inferido: categoría + precio único,Importe/cantidad no recuperable
TXN_4341401,CUST_18,Electric household essentials,Item_10_EHE,18.5,,,Digital Wallet,In-store,2023-04-09,Sí,2023,4,2023-04,In-store,,Original,Inferido: categoría + precio único,Importe/cantidad no recuperable
TXN_5238973,CUST_06,Electric household essentials,Item_23_EHE,38.0,,,Digital Wallet,Online,2023-02-06,No,2023,2,2023-02,Online,,Original,Inferido: categoría + precio único,Importe/cantidad no recuperable
TXN_3071219,CUST_07,Computers and electric accessories,Item_22_CEA,36.5,,,Credit Card,Online,2024-10-28,Sí,2024,10,2024-10,Online,,Original,Inferido: categoría + precio único,Importe/cantidad no recuperable
TXN_2831627,CUST_06,Computers and electric accessories,Item_2_CEA,6.5,,,Digital Wallet,In-store,2022-06-09,Desconocido,2022,6,2022-06,In-store,,Original,Inferido: categoría + precio único,Importe/cantidad no recuperable
TXN_7623526,CUST_17,Computers and electric accessories,Item_13_CEA,23.0,,,Digital Wallet,Online,2024-03-07,Desconocido,2024,3,2024-03,Online,,Original,Inferido: categoría + precio único,Importe/cantidad no recuperable
TXN_7357090,CUST_09,Food,Item_20_FOOD,33.5,,,Cash,In-store,2022-12-12,Desconocido,2022,12,2022-12,In-store,,Original,Inferido: categoría + precio único,Importe/cantidad no recuperable
TXN_6837467,CUST_06,Butchers,Item_21_BUT,35.0,,,Digital Wallet,Online,2022-10-01,No,2022,10,2022-10,Online,,Original,Inferido: categoría + precio único,Importe/cantidad no recuperable
TXN_8283688,CUST_08,Electric household essentials,Item_17_EHE,29.0,,,Digital Wallet,In-store,2023-06-04,Sí,2023,6,2023-06,In-store,,Original,Inferido: categoría + precio único,Importe/cantidad no recuperable
TXN_9164821,CUST_24,Food,Item_4_FOOD,9.5,,,Cash,Online,2024-11-17,Desconocido,2024,11,2024-11,Online,,Original,Inferido: categoría + precio único,Importe/cantidad no recuperable
TXN_7498795,CUST_10,Furniture,Item_4_FUR,9.5,,,Digital Wallet,In-store,2025-01-10,Desconocido,2025,1,2025-01,In-store,,Original,Inferido: categoría + precio único,Importe/cantidad no recuperable
TXN_6172206,CUST_16,Beverages,Item_9_BEV,17.0,,,Digital Wallet,In-store,2024-04-24,Sí,2024,4,2024-04,In-store,,Original,Inferido: categoría + precio único,Importe/cantidad no recuperable
TXN_2257428,CUST_13,Milk Products,Item_21_MILK,35.0,,,Cash,In-store,2024-05-16,No,2024,5,2024-05,In-store,,Original,Inferido: categoría + precio único,Importe/cantidad no recuperable
TXN_7820167,CUST_16,Milk Products,Item_4_MILK,9.5,,,Credit Card,In-store,2023-11-21,Sí,2023,11,2023-11,In-store,,Original,Inferido: categoría + precio único,Importe/cantidad no recuperable
TXN_5328564,CUST_19,Milk Products,Item_21_MILK,35.0,,,Credit Card,Online,2024-09-13,Sí,2024,9,2024-09,Online,,Original,Inferido: categoría + precio único,Importe/cantidad no recuperable
TXN_3598978,CUST_17,Butchers,Item_25_BUT,41.0,,,Cash,Online,2023-10-24,Sí,2023,10,2023-10,Online,,Original,Inferido: categoría + precio único,Importe/cantidad no recuperable
TXN_6717536,CUST_20,Beverages,Item_14_BEV,24.5,,,Credit Card,Online,2022-07-01,Desconocido,2022,7,2022-07,Online,,Original,Inferido: categoría + precio único,Importe/cantidad no recuperable
TXN_8249416,CUST_04,Beverages,Item_11_BEV,20.0,,,Cash,Online,2022-03-27,Desconocido,2022,3,2022-03,Online,,Original,Inferido: categoría + precio único,Importe/cantidad no recuperable
TXN_2165479,CUST_11,Electric household essentials,Item_22_EHE,36.5,,,Digital Wallet,Online,2024-06-08,Sí,2024,6,2024-06,Online,,Original,Inferido: categoría + precio único,Importe/cantidad no recuperable
TXN_9620236,CUST_09,Beverages,Item_20_BEV,33.5,,,Credit Card,Online,2024-09-16,No,2024,9,2024-09,Online,,Original,Inferido: categoría + precio único,Importe/cantidad no recuperable
TXN_5266941,CUST_03,Patisserie,Item_4_PAT,9.5,,,Digital Wallet,Online,2024-04-05,Sí,2024,4,2024-04,Online,,Original,Inferido: categoría + precio único,Importe/cantidad no recuperable
TXN_4891833,CUST_03,Computers and electric accessories,Item_17_CEA,29.0,,,Cash,Online,2023-02-25,No,2023,2,2023-02,Online,,Original,Inferido: categoría + precio único,Importe/cantidad no recuperable
TXN_2360216,CUST_07,Food,Item_25_FOOD,41.0,,,Digital Wallet,In-store,2022-06-01,Desconocido,2022,6,2022-06,In-store,,Original,Inferido: categoría + precio único,Importe/cantidad no recuperable
TXN_9247444,CUST_21,Patisserie,Item_5_PAT,11.0,,,Digital Wallet,In-store,2022-03-20,No,2022,3,2022-03,In-store,,Original,Inferido: categoría + precio único,Importe/cantidad no recuperable
TXN_7478827,CUST_07,Milk Products,Item_2_MILK,6.5,,,Digital Wallet,In-store,2022-11-09,Sí,2022,11,2022-11,In-store,,Original,Inferido: categoría + precio único,Importe/cantidad no recuperable
TXN_8404647,CUST_10,Food,Item_11_FOOD,20.0,,,Credit Card,Online,2024-05-14,Sí,2024,5,2024-05,Online,,Original,Inferido: categoría + precio único,Importe/cantidad no recuperable
TXN_2491501,CUST_06,Beverages,Item_2_BEV,6.5,,,Cash,In-store,2022-05-04,Sí,2022,5,2022-05,In-store,,Original,Inferido: categoría + precio único,Importe/cantidad no recuperable
TXN_9077055,CUST_25,Food,Item_10_FOOD,18.5,,,Digital Wallet,In-store,2023-05-15,Sí,2023,5,2023-05,In-store,,Original,Inferido: categoría + precio único,Importe/cantidad no recuperable
TXN_2537913,CUST_08,Butchers,Item_13_BUT,23.0,,,Cash,Online,2023-03-25,No,2023,3,2023-03,Online,,Original,Inferido: categoría + precio único,Importe/cantidad no recuperable
TXN_2901672,CUST_23,Milk Products,Item_16_MILK,27.5,,,Cash,In-store,2024-06-01,Desconocido,2024,6,2024-06,In-store,,Original,Inferido: categoría + precio único,Importe/cantidad no recuperable
TXN_3281825,CUST_17,Beverages,Item_23_BEV,38.0,,,Credit Card,Online,2022-01-29,Desconocido,2022,1,2022-01,Online,,Original,Inferido: categoría + precio único,Importe/cantidad no recuperable
TXN_3652632,CUST_08,Milk Products,Item_4_MILK,9.5,,,Credit Card,In-store,2024-08-16,Sí,2024,8,2024-08,In-store,,Original,Inferido: categoría + precio único,Importe/cantidad no recuperable
TXN_1228408,CUST_01,Patisserie,Item_25_PAT,41.0,,,Cash,Online,2023-12-19,Desconocido,2023,12,2023-12,Online,,Original,Inferido: categoría + precio único,Importe/cantidad no recuperable
TXN_7323366,CUST_23,Patisserie,Item_13_PAT,23.0,,,Credit Card,In-store,2022-11-04,No,2022,11,2022-11,In-store,,Original,Inferido: categoría + precio único,Importe/cantidad no recuperable
TXN_8074211,CUST_18,Milk Products,Item_17_MILK,29.0,,,Cash,In-store,2024-04-17,No,2024,4,2024-04,In-store,,Original,Inferido: categoría + precio único,Importe/cantidad no recuperable
TXN_2114614,CUST_12,Beverages,Item_14_BEV,24.5,,,Digital Wallet,In-store,2023-09-02,Desconocido,2023,9,2023-09,In-store,,Original,Inferido: categoría + precio único,Importe/cantidad no recuperable
TXN_9374739,CUST_05,Computers and electric accessories,Item_22_CEA,36.5,,,Cash,In-store,2022-07-24,Sí,2022,7,2022-07,In-store,,Original,Inferido: categoría + precio único,Importe/cantidad no recuperable
TXN_6036397,CUST_06,Butchers,Item_22_BUT,36.5,,,Digital Wallet,Online,2023-10-08,No,2023,10,2023-10,Online,,Original,Inferido: categoría + precio único,Importe/cantidad no recuperable
TXN_7766873,CUST_09,Computers and electric accessories,Item_12_CEA,21.5,,,Digital Wallet,Online,2023-03-29,No,2023,3,2023-03,Online,,Original,Inferido: categoría + precio único,Importe/cantidad no recuperable
TXN_1746795,CUST_18,Electric household essentials,Item_4_EHE,9.5,,,Credit Card,In-store,2024-01-15,No,2024,1,2024-01,In-store,,Original,Inferido: categoría + precio único,Importe/cantidad no recuperable
TXN_9349221,CUST_09,Butchers,Item_2_BUT,6.5,,,Digital Wallet,Online,2023-05-02,Desconocido,2023,5,2023-05,Online,,Original,Inferido: categoría + precio único,Importe/cantidad no recuperable
TXN_8925408,CUST_22,Computers and electric accessories,Item_21_CEA,35.0,,,Cash,In-store,2024-11-30,No,2024,11,2024-11,In-store,,Original,Inferido: categoría + precio único,Importe/cantidad no recuperable
TXN_1226245,CUST_18,Food,Item_12_FOOD,21.5,,,Credit Card,In-store,2023-05-31,Desconocido,2023,5,2023-05,In-store,,Original,Inferido: categoría + precio único,Importe/cantidad no recuperable
TXN_4044974,CUST_23,Furniture,Item_11_FUR,20.0,,,Cash,Online,2024-01-14,No,2024,1,2024-01,Online,,Original,Inferido: categoría + precio único,Importe/cantidad no recuperable
TXN_2551088,CUST_17,Beverages,Item_18_BEV,30.5,,,Digital Wallet,Online,2024-05-14,No,2024,5,2024-05,Online,,Original,Inferido: categoría + precio único,Importe/cantidad no recuperable
TXN_5080357,CUST_06,Beverages,Item_7_BEV,14.0,,,Digital Wallet,In-store,2023-07-22,Sí,2023,7,2023-07,In-store,,Original,Inferido: categoría + precio único,Importe/cantidad no recuperable
TXN_2083689,CUST_18,Food,Item_16_FOOD,27.5,,,Credit Card,In-store,2022-11-07,Sí,2022,11,2022-11,In-store,,Original,Inferido: categoría + precio único,Importe/cantidad no recuperable
TXN_6364752,CUST_23,Patisserie,Item_1_PAT,5.0,,,Cash,Online,2024-07-14,No,2024,7,2024-07,Online,,Original,Inferido: categoría + precio único,Importe/cantidad no recuperable
TXN_1337454,CUST_09,Food,Item_25_FOOD,41.0,,,Digital Wallet,In-store,2022-11-05,Sí,2022,11,2022-11,In-store,,Original,Inferido: categoría + precio único,Importe/cantidad no recuperable
TXN_7612835,CUST_08,Beverages,Item_2_BEV,6.5,,,Credit Card,Online,2024-11-04,Desconocido,2024,11,2024-11,Online,,Original,Inferido: categoría + precio único,Importe/cantidad no recuperable
TXN_4894246,CUST_24,Electric household essentials,Item_17_EHE,29.0,,,Digital Wallet,Online,2022-05-06,No,2022,5,2022-05,Online,,Original,Inferido: categoría + precio único,Importe/cantidad no recuperable
TXN_7554858,CUST_25,Milk Products,Item_2_MILK,6.5,,,Digital Wallet,Online,2023-09-27,Sí,2023,9,2023-09,Online,,Original,Inferido: categoría + precio único,Importe/cantidad no recuperable
TXN_5793195,CUST_23,Furniture,Item_15_FUR,26.0,,,Cash,In-store,2022-02-15,Desconocido,2022,2,2022-02,In-store,,Original,Inferido: categoría + precio único,Importe/cantidad no recuperable
TXN_7140503,CUST_25,Electric household essentials,Item_24_EHE,39.5,,,Digital Wallet,In-store,2024-06-12,Sí,2024,6,2024-06,In-store,,Original,Inferido: categoría + precio único,Importe/cantidad no recuperable
TXN_8927407,CUST_24,Food,Item_5_FOOD,11.0,,,Cash,Online,2023-10-26,Sí,2023,10,2023-10,Online,,Original,Inferido: categoría + precio único,Importe/cantidad no recuperable
TXN_7954454,CUST_08,Furniture,Item_21_FUR,35.0,,,Digital Wallet,In-store,2022-09-14,Sí,2022,9,2022-09,In-store,,Original,Inferido: categoría + precio único,Importe/cantidad no recuperable
TXN_9158283,CUST_21,Patisserie,Item_17_PAT,29.0,,,Cash,In-store,2024-09-26,Desconocido,2024,9,2024-09,In-store,,Original,Inferido: categoría + precio único,Importe/cantidad no recuperable
TXN_5473528,CUST_16,Patisserie,Item_10_PAT,18.5,,,Credit Card,Online,2023-12-03,No,2023,12,2023-12,Online,,Original,Inferido: categoría + precio único,Importe/cantidad no recuperable
TXN_7941731,CUST_01,Electric household essentials,Item_2_EHE,6.5,,,Digital Wallet,In-store,2023-02-15,No,2023,2,2023-02,In-store,,Original,Inferido: categoría + precio único,Importe/cantidad no recuperable
TXN_6015868,CUST_07,Patisserie,Item_14_PAT,24.5,,,Credit Card,In-store,2023-04-08,Sí,2023,4,2023-04,In-store,,Original,Inferido: categoría + precio único,Importe/cantidad no recuperable
TXN_6780214,CUST_05,Food,Item_4_FOOD,9.5,,,Credit Card,Online,2022-08-15,Desconocido,2022,8,2022-08,Online,,Original,Inferido: categoría + precio único,Importe/cantidad no recuperable
TXN_5158837,CUST_17,Food,Item_9_FOOD,17.0,,,Credit Card,Online,2023-03-20,Desconocido,2023,3,2023-03,Online,,Original,Inferido: categoría + precio único,Importe/cantidad no recuperable
TXN_2350545,CUST_17,Butchers,Item_25_BUT,41.0,,,Credit Card,In-store,2023-07-29,No,2023,7,2023-07,In-store,,Original,Inferido: categoría + precio único,Importe/cantidad no recuperable
TXN_1376742,CUST_24,Patisserie,Item_9_PAT,17.0,,,Credit Card,Online,2024-10-20,Sí,2024,10,2024-10,Online,,Original,Inferido: categoría + precio único,Importe/cantidad no recuperable
TXN_6133268,CUST_13,Patisserie,Item_12_PAT,21.5,,,Credit Card,Online,2024-03-17,Desconocido,2024,3,2024-03,Online,,Original,Inferido: categoría + precio único,Importe/cantidad no recuperable
TXN_6251701,CUST_07,Food,Item_18_FOOD,30.5,,,Cash,Online,2024-06-25,Desconocido,2024,6,2024-06,Online,,Original,Inferido: categoría + precio único,Importe/cantidad no recuperable
TXN_8496149,CUST_23,Milk Products,Item_11_MILK,20.0,,,Cash,In-store,2023-03-17,No,2023,3,2023-03,In-store,,Original,Inferido: categoría + precio único,Importe/cantidad no recuperable
TXN_6227305,CUST_22,Beverages,Item_15_BEV,26.0,,,Digital Wallet,Online,2022-01-31,Sí,2022,1,2022-01,Online,,Original,Inferido: categoría + precio único,Importe/cantidad no recuperable
TXN_4699589,CUST_13,Electric household essentials,Item_25_EHE,41.0,,,Credit Card,Online,2023-07-07,No,2023,7,2023-07,Online,,Original,Inferido: categoría + precio único,Importe/cantidad no recuperable
TXN_3747085,CUST_04,Beverages,Item_19_BEV,32.0,,,Cash,In-store,2024-01-24,No,2024,1,2024-01,In-store,,Original,Inferido: categoría + precio único,Importe/cantidad no recuperable
TXN_5771988,CUST_22,Patisserie,Item_15_PAT,26.0,,,Credit Card,In-store,2023-04-07,No,2023,4,2023-04,In-store,,Original,Inferido: categoría + precio único,Importe/cantidad no recuperable
TXN_7589967,CUST_16,Electric household essentials,Item_7_EHE,14.0,,,Cash,Online,2023-02-25,Desconocido,2023,2,2023-02,Online,,Original,Inferido: categoría + precio único,Importe/cantidad no recuperable
TXN_6096860,CUST_18,Furniture,Item_21_FUR,35.0,,,Digital Wallet,Online,2024-05-15,Desconocido,2024,5,2024-05,Online,,Original,Inferido: categoría + precio único,Importe/cantidad no recuperable
TXN_2337522,CUST_10,Beverages,Item_25_BEV,41.0,,,Cash,Online,2022-07-15,Sí,2022,7,2022-07,Online,,Original,Inferido: categoría + precio único,Importe/cantidad no recuperable
TXN_8076264,CUST_19,Furniture,Item_2_FUR,6.5,,,Digital Wallet,In-store,2024-12-01,Desconocido,2024,12,2024-12,In-store,,Original,Inferido: categoría + precio único,Importe/cantidad no recuperable
TXN_4195260,CUST_17,Furniture,Item_21_FUR,35.0,,,Cash,Online,2023-10-05,Sí,2023,10,2023-10,Online,,Original,Inferido: categoría + precio único,Importe/cantidad no recuperable
TXN_6730526,CUST_20,Patisserie,Item_25_PAT,41.0,,,Cash,In-store,2022-01-07,Desconocido,2022,1,2022-01,In-store,,Original,Inferido: categoría + precio único,Importe/cantidad no recuperable
TXN_8416020,CUST_02,Patisserie,Item_17_PAT,29.0,,,Digital Wallet,In-store,2024-03-05,No,2024,3,2024-03,In-store,,Original,Inferido: categoría + precio único,Importe/cantidad no recuperable
TXN_7581115,CUST_18,Furniture,Item_21_FUR,35.0,,,Credit Card,In-store,2022-01-22,Sí,2022,1,2022-01,In-store,,Original,Inferido: categoría + precio único,Importe/cantidad no recuperable
TXN_1579155,CUST_22,Butchers,Item_1_BUT,5.0,,,Cash,In-store,2023-12-29,Sí,2023,12,2023-12,In-store,,Original,Inferido: categoría + precio único,Importe/cantidad no recuperable
TXN_7784746,CUST_16,Electric household essentials,Item_25_EHE,41.0,,,Credit Card,Online,2022-04-05,Sí,2022,4,2022-04,Online,,Original,Inferido: categoría + precio único,Importe/cantidad no recuperable
TXN_2946597,CUST_15,Computers and electric accessories,Item_20_CEA,33.5,,,Credit Card,In-store,2022-02-11,Sí,2022,2,2022-02,In-store,,Original,Inferido: categoría + precio único,Importe/cantidad no recuperable
TXN_2324066,CUST_12,Beverages,Item_7_BEV,14.0,,,Credit Card,Online,2023-09-28,Sí,2023,9,2023-09,Online,,Original,Inferido: categoría + precio único,Importe/cantidad no recuperable
TXN_8697688,CUST_12,Computers and electric accessories,Item_9_CEA,17.0,,,Digital Wallet,Online,2022-06-08,Sí,2022,6,2022-06,Online,,Original,Inferido: categoría + precio único,Importe/cantidad no recuperable
TXN_2763819,CUST_03,Beverages,Item_24_BEV,39.5,,,Digital Wallet,In-store,2022-01-23,Desconocido,2022,1,2022-01,In-store,,Original,Inferido: categoría + precio único,Importe/cantidad no recuperable
TXN_6989869,CUST_16,Computers and electric accessories,Item_10_CEA,18.5,,,Cash,In-store,2022-02-21,Desconocido,2022,2,2022-02,In-store,,Original,Inferido: categoría + precio único,Importe/cantidad no recuperable
TXN_2325423,CUST_12,Food,Item_3_FOOD,8.0,,,Cash,In-store,2024-12-17,Desconocido,2024,12,2024-12,In-store,,Original,Inferido: categoría + precio único,Importe/cantidad no recuperable
TXN_1499569,CUST_13,Food,Item_17_FOOD,29.0,,,Credit Card,Online,2025-01-02,Desconocido,2025,1,2025-01,Online,,Original,Inferido: categoría + precio único,Importe/cantidad no recuperable
TXN_8469419,CUST_24,Food,Item_20_FOOD,33.5,,,Cash,Online,2023-03-25,Sí,2023,3,2023-03,Online,,Original,Inferido: categoría + precio único,Importe/cantidad no recuperable
TXN_7819012,CUST_19,Computers and electric accessories,Item_2_CEA,6.5,,,Digital Wallet,Online,2023-07-02,No,2023,7,2023-07,Online,,Original,Inferido: categoría + precio único,Importe/cantidad no recuperable
TXN_7378094,CUST_22,Milk Products,Item_11_MILK,20.0,,,Cash,In-store,2023-12-06,Desconocido,2023,12,2023-12,In-store,,Original,Inferido: categoría + precio único,Importe/cantidad no recuperable
TXN_4495319,CUST_25,Computers and electric accessories,Item_8_CEA,15.5,,,Cash,Online,2023-04-15,Desconocido,2023,4,2023-04,Online,,Original,Inferido: categoría + precio único,Importe/cantidad no recuperable
TXN_7171953,CUST_11,Patisserie,Item_24_PAT,39.5,,,Cash,Online,2022-11-11,No,2022,11,2022-11,Online,,Original,Inferido: categoría + precio único,Importe/cantidad no recuperable
TXN_9379358,CUST_25,Furniture,Item_11_FUR,20.0,,,Cash,Online,2022-04-07,Sí,2022,4,2022-04,Online,,Original,Inferido: categoría + precio único,Importe/cantidad no recuperable
TXN_6522433,CUST_22,Computers and electric accessories,Item_11_CEA,20.0,,,Credit Card,In-store,2024-10-19,Desconocido,2024,10,2024-10,In-store,,Original,Inferido: categoría + precio único,Importe/cantidad no recuperable
TXN_2154827,CUST_11,Butchers,Item_25_BUT,41.0,,,Credit Card,In-store,2024-08-04,No,2024,8,2024-08,In-store,,Original,Inferido: categoría + precio único,Importe/cantidad no recuperable
TXN_9120906,CUST_10,Computers and electric accessories,Item_12_CEA,21.5,,,Credit Card,In-store,2024-02-13,Desconocido,2024,2,2024-02,In-store,,Original,Inferido: categoría + precio único,Importe/cantidad no recuperable
TXN_2478597,CUST_07,Computers and electric accessories,Item_5_CEA,11.0,,,Cash,In-store,2024-09-06,No,2024,9,2024-09,In-store,,Original,Inferido: categoría + precio único,Importe/cantidad no recuperable
TXN_7224577,CUST_12,Food,Item_11_FOOD,20.0,,,Credit Card,In-store,2022-09-27,Sí,2022,9,2022-09,In-store,,Original,Inferido: categoría + precio único,Importe/cantidad no recuperable
TXN_5752809,CUST_11,Butchers,Item_13_BUT,23.0,,,Cash,In-store,2023-12-24,No,2023,12,2023-12,In-store,,Original,Inferido: categoría + precio único,Importe/cantidad no recuperable
TXN_2501304,CUST_14,Beverages,Item_8_BEV,15.5,,,Credit Card,In-store,2024-07-14,Desconocido,2024,7,2024-07,In-store,,Original,Inferido: categoría + precio único,Importe/cantidad no recuperable
TXN_6314198,CUST_23,Beverages,Item_14_BEV,24.5,,,Credit Card,Online,2024-01-06,Sí,2024,1,2024-01,Online,,Original,Inferido: categoría + precio único,Importe/cantidad no recuperable
TXN_1977173,CUST_23,Butchers,Item_4_BUT,9.5,,,Credit Card,Online,2022-06-14,Sí,2022,6,2022-06,Online,,Original,Inferido: categoría + precio único,Importe/cantidad no recuperable
TXN_4219435,CUST_23,Food,Item_8_FOOD,15.5,,,Digital Wallet,Online,2022-10-07,Desconocido,2022,10,2022-10,Online,,Original,Inferido: categoría + precio único,Importe/cantidad no recuperable
TXN_1443512,CUST_19,Patisserie,Item_17_PAT,29.0,,,Cash,Online,2022-11-20,Sí,2022,11,2022-11,Online,,Original,Inferido: categoría + precio único,Importe/cantidad no recuperable
TXN_9682557,CUST_05,Beverages,Item_19_BEV,32.0,,,Digital Wallet,Online,2022-12-15,Sí,2022,12,2022-12,Online,,Original,Inferido: categoría + precio único,Importe/cantidad no recuperable
TXN_2147697,CUST_04,Milk Products,Item_24_MILK,39.5,,,Credit Card,In-store,2022-03-19,No,2022,3,2022-03,In-store,,Original,Inferido: categoría + precio único,Importe/cantidad no recuperable
TXN_3521719,CUST_22,Patisserie,Item_24_PAT,39.5,,,Cash,In-store,2022-10-15,Desconocido,2022,10,2022-10,In-store,,Original,Inferido: categoría + precio único,Importe/cantidad no recuperable
TXN_5780579,CUST_08,Furniture,Item_6_FUR,12.5,,,Digital Wallet,In-store,2023-05-23,Sí,2023,5,2023-05,In-store,,Original,Inferido: categoría + precio único,Importe/cantidad no recuperable
TXN_3359492,CUST_17,Milk Products,Item_3_MILK,8.0,,,Cash,Online,2024-11-05,Sí,2024,11,2024-11,Online,,Original,Inferido: categoría + precio único,Importe/cantidad no recuperable
TXN_1490623,CUST_19,Butchers,Item_17_BUT,29.0,,,Cash,Online,2023-09-05,No,2023,9,2023-09,Online,,Original,Inferido: categoría + precio único,Importe/cantidad no recuperable
TXN_2258558,CUST_17,Beverages,Item_8_BEV,15.5,,,Cash,In-store,2023-11-23,Desconocido,2023,11,2023-11,In-store,,Original,Inferido: categoría + precio único,Importe/cantidad no recuperable
TXN_6771885,CUST_25,Patisserie,Item_3_PAT,8.0,,,Digital Wallet,Online,2025-01-04,No,2025,1,2025-01,Online,,Original,Inferido: categoría + precio único,Importe/cantidad no recuperable
TXN_4617564,CUST_14,Butchers,Item_16_BUT,27.5,,,Digital Wallet,In-store,2024-04-15,No,2024,4,2024-04,In-store,,Original,Inferido: categoría + precio único,Importe/cantidad no recuperable
TXN_7799324,CUST_21,Furniture,Item_10_FUR,18.5,,,Digital Wallet,Online,2023-10-31,Sí,2023,10,2023-10,Online,,Original,Inferido: categoría + precio único,Importe/cantidad no recuperable
TXN_5193416,CUST_05,Milk Products,Item_7_MILK,14.0,,,Digital Wallet,Online,2024-12-16,Sí,2024,12,2024-12,Online,,Original,Inferido: categoría + precio único,Importe/cantidad no recuperable
TXN_2407302,CUST_14,Patisserie,Item_23_PAT,38.0,,,Cash,In-store,2022-02-25,No,2022,2,2022-02,In-store,,Original,Inferido: categoría + precio único,Importe/cantidad no recuperable
TXN_2669850,CUST_22,Electric household essentials,Item_17_EHE,29.0,,,Cash,Online,2024-06-07,Sí,2024,6,2024-06,Online,,Original,Inferido: categoría + precio único,Importe/cantidad no recuperable
TXN_8940025,CUST_11,Milk Products,Item_8_MILK,15.5,,,Credit Card,Online,2022-07-24,Sí,2022,7,2022-07,Online,,Original,Inferido: categoría + precio único,Importe/cantidad no recuperable
TXN_5504521,CUST_05,Beverages,Item_21_BEV,35.0,,,Digital Wallet,In-store,2024-04-19,No,2024,4,2024-04,In-store,,Original,Inferido: categoría + precio único,Importe/cantidad no recuperable
TXN_6920044,CUST_09,Patisserie,Item_8_PAT,15.5,,,Cash,Online,2024-08-08,Sí,2024,8,2024-08,Online,,Original,Inferido: categoría + precio único,Importe/cantidad no recuperable
TXN_6292395,CUST_08,Food,Item_10_FOOD,18.5,,,Digital Wallet,In-store,2023-07-11,Sí,2023,7,2023-07,In-store,,Original,Inferido: categoría + precio único,Importe/cantidad no recuperable
TXN_4333089,CUST_20,Food,Item_11_FOOD,20.0,,,Credit Card,Online,2023-12-21,Sí,2023,12,2023-12,Online,,Original,Inferido: categoría + precio único,Importe/cantidad no recuperable
TXN_3522256,CUST_16,Butchers,Item_6_BUT,12.5,,,Credit Card,Online,2024-05-02,Sí,2024,5,2024-05,Online,,Original,Inferido: categoría + precio único,Importe/cantidad no recuperable
TXN_5599144,CUST_05,Patisserie,Item_18_PAT,30.5,,,Cash,In-store,2022-09-11,Desconocido,2022,9,2022-09,In-store,,Original,Inferido: categoría + precio único,Importe/cantidad no recuperable
TXN_1679439,CUST_10,Milk Products,Item_22_MILK,36.5,,,Cash,Online,2023-11-01,Desconocido,2023,11,2023-11,Online,,Original,Inferido: categoría + precio único,Importe/cantidad no recuperable
TXN_8800567,CUST_13,Computers and electric accessories,Item_19_CEA,32.0,,,Cash,Online,2023-10-05,No,2023,10,2023-10,Online,,Original,Inferido: categoría + precio único,Importe/cantidad no recuperable
TXN_6380866,CUST_22,Computers and electric accessories,Item_25_CEA,41.0,,,Credit Card,In-store,2024-05-29,No,2024,5,2024-05,In-store,,Original,Inferido: categoría + precio único,Importe/cantidad no recuperable
TXN_6172739,CUST_03,Beverages,Item_3_BEV,8.0,,,Credit Card,In-store,2023-09-12,No,2023,9,2023-09,In-store,,Original,Inferido: categoría + precio único,Importe/cantidad no recuperable
TXN_3347185,CUST_01,Butchers,Item_2_BUT,6.5,,,Cash,In-store,2023-08-07,Sí,2023,8,2023-08,In-store,,Original,Inferido: categoría + precio único,Importe/cantidad no recuperable
TXN_3246313,CUST_23,Patisserie,Item_7_PAT,14.0,,,Digital Wallet,Online,2024-01-11,Desconocido,2024,1,2024-01,Online,,Original,Inferido: categoría + precio único,Importe/cantidad no recuperable
TXN_2801305,CUST_04,Butchers,Item_16_BUT,27.5,,,Cash,Online,2022-06-26,Desconocido,2022,6,2022-06,Online,,Original,Inferido: categoría + precio único,Importe/cantidad no recuperable
TXN_9518220,CUST_05,Beverages,Item_19_BEV,32.0,,,Digital Wallet,In-store,2024-02-04,Sí,2024,2,2024-02,In-store,,Original,Inferido: categoría + precio único,Importe/cantidad no recuperable
TXN_1621579,CUST_09,Computers and electric accessories,Item_19_CEA,32.0,,,Credit Card,Online,2022-11-18,No,2022,11,2022-11,Online,,Original,Inferido: categoría + precio único,Importe/cantidad no recuperable
TXN_9692463,CUST_16,Milk Products,Item_16_MILK,27.5,,,Digital Wallet,In-store,2022-03-14,Sí,2022,3,2022-03,In-store,,Original,Inferido: categoría + precio único,Importe/cantidad no recuperable
TXN_3324948,CUST_14,Furniture,Item_23_FUR,38.0,,,Cash,Online,2022-04-25,No,2022,4,2022-04,Online,,Original,Inferido: categoría + precio único,Importe/cantidad no recuperable
TXN_5377881,CUST_23,Computers and electric accessories,Item_12_CEA,21.5,,,Cash,Online,2023-05-29,Sí,2023,5,2023-05,Online,,Original,Inferido: categoría + precio único,Importe/cantidad no recuperable
TXN_4733738,CUST_19,Butchers,Item_5_BUT,11.0,,,Cash,In-store,2023-06-29,Desconocido,2023,6,2023-06,In-store,,Original,Inferido: categoría + precio único,Importe/cantidad no recuperable
TXN_5007965,CUST_05,Computers and electric accessories,Item_14_CEA,24.5,,,Digital Wallet,Online,2024-11-19,Sí,2024,11,2024-11,Online,,Original,Inferido: categoría + precio único,Importe/cantidad no recuperable
TXN_1158381,CUST_24,Butchers,Item_22_BUT,36.5,,,Credit Card,Online,2022-12-26,Sí,2022,12,2022-12,Online,,Original,Inferido: categoría + precio único,Importe/cantidad no recuperable
TXN_4168865,CUST_11,Patisserie,Item_15_PAT,26.0,,,Cash,Online,2023-12-03,No,2023,12,2023-12,Online,,Original,Inferido: categoría + precio único,Importe/cantidad no recuperable
TXN_4426046,CUST_10,Butchers,Item_23_BUT,38.0,,,Cash,Online,2024-02-16,No,2024,2,2024-02,Online,,Original,Inferido: categoría + precio único,Importe/cantidad no recuperable
TXN_9767779,CUST_03,Computers and electric accessories,Item_17_CEA,29.0,,,Cash,In-store,2022-08-03,Desconocido,2022,8,2022-08,In-store,,Original,Inferido: categoría + precio único,Importe/cantidad no recuperable
TXN_1746192,CUST_24,Electric household essentials,Item_8_EHE,15.5,,,Cash,In-store,2022-07-30,No,2022,7,2022-07,In-store,,Original,Inferido: categoría + precio único,Importe/cantidad no recuperable
TXN_9038096,CUST_25,Electric household essentials,Item_13_EHE,23.0,,,Credit Card,Online,2024-05-08,No,2024,5,2024-05,Online,,Original,Inferido: categoría + precio único,Importe/cantidad no recuperable
TXN_6102791,CUST_02,Furniture,Item_20_FUR,33.5,,,Credit Card,In-store,2022-04-05,No,2022,4,2022-04,In-store,,Original,Inferido: categoría + precio único,Importe/cantidad no recuperable
TXN_7415874,CUST_19,Electric household essentials,Item_2_EHE,6.5,,,Cash,Online,2022-12-20,Sí,2022,12,2022-12,Online,,Original,Inferido: categoría + precio único,Importe/cantidad no recuperable
TXN_2910944,CUST_24,Patisserie,Item_12_PAT,21.5,,,Credit Card,Online,2022-12-21,Desconocido,2022,12,2022-12,Online,,Original,Inferido: categoría + precio único,Importe/cantidad no recuperable
TXN_4258144,CUST_20,Milk Products,Item_4_MILK,9.5,,,Cash,In-store,2024-11-15,No,2024,11,2024-11,In-store,,Original,Inferido: categoría + precio único,Importe/cantidad no recuperable
TXN_9382641,CUST_06,Milk Products,Item_7_MILK,14.0,,,Credit Card,In-store,2022-07-05,Sí,2022,7,2022-07,In-store,,Original,Inferido: categoría + precio único,Importe/cantidad no recuperable
TXN_4838523,CUST_11,Butchers,Item_13_BUT,23.0,,,Credit Card,In-store,2024-08-29,Desconocido,2024,8,2024-08,In-store,,Original,Inferido: categoría + precio único,Importe/cantidad no recuperable
TXN_4022829,CUST_18,Furniture,Item_17_FUR,29.0,,,Digital Wallet,In-store,2024-02-14,No,2024,2,2024-02,In-store,,Original,Inferido: categoría + precio único,Importe/cantidad no recuperable
TXN_2477774,CUST_23,Food,Item_2_FOOD,6.5,,,Cash,Online,2022-08-16,Sí,2022,8,2022-08,Online,,Original,Inferido: categoría + precio único,Importe/cantidad no recuperable
TXN_6749795,CUST_12,Patisserie,Item_23_PAT,38.0,,,Digital Wallet,Online,2023-08-06,Sí,2023,8,2023-08,Online,,Original,Inferido: categoría + precio único,Importe/cantidad no recuperable
TXN_2813218,CUST_02,Beverages,Item_2_BEV,6.5,,,Digital Wallet,Online,2022-11-14,Desconocido,2022,11,2022-11,Online,,Original,Inferido: categoría + precio único,Importe/cantidad no recuperable
TXN_1814757,CUST_01,Patisserie,Item_2_PAT,6.5,,,Cash,In-store,2024-08-18,Desconocido,2024,8,2024-08,In-store,,Original,Inferido: categoría + precio único,Importe/cantidad no recuperable
TXN_4539341,CUST_12,Food,Item_3_FOOD,8.0,,,Cash,Online,2022-01-06,No,2022,1,2022-01,Online,,Original,Inferido: categoría + precio único,Importe/cantidad no recuperable
TXN_9295319,CUST_07,Patisserie,Item_16_PAT,27.5,,,Credit Card,In-store,2023-06-04,Desconocido,2023,6,2023-06,In-store,,Original,Inferido: categoría + precio único,Importe/cantidad no recuperable
TXN_8868169,CUST_07,Food,Item_6_FOOD,12.5,,,Digital Wallet,Online,2023-01-05,Desconocido,2023,1,2023-01,Online,,Original,Inferido: categoría + precio único,Importe/cantidad no recuperable
TXN_4654153,CUST_16,Electric household essentials,Item_1_EHE,5.0,,,Cash,Online,2022-06-03,Desconocido,2022,6,2022-06,Online,,Original,Inferido: categoría + precio único,Importe/cantidad no recuperable
TXN_3554058,CUST_02,Food,Item_11_FOOD,20.0,,,Digital Wallet,In-store,2022-08-24,No,2022,8,2022-08,In-store,,Original,Inferido: categoría + precio único,Importe/cantidad no recuperable
TXN_8581857,CUST_05,Patisserie,Item_9_PAT,17.0,,,Cash,Online,2024-08-20,Desconocido,2024,8,2024-08,Online,,Original,Inferido: categoría + precio único,Importe/cantidad no recuperable
TXN_6206009,CUST_21,Computers and electric accessories,Item_17_CEA,29.0,,,Credit Card,In-store,2022-08-04,Sí,2022,8,2022-08,In-store,,Original,Inferido: categoría + precio único,Importe/cantidad no recuperable
TXN_4245049,CUST_04,Butchers,Item_7_BUT,14.0,,,Credit Card,Online,2022-01-12,Desconocido,2022,1,2022-01,Online,,Original,Inferido: categoría + precio único,Importe/cantidad no recuperable
TXN_8061410,CUST_12,Computers and electric accessories,Item_22_CEA,36.5,,,Cash,Online,2024-05-02,Desconocido,2024,5,2024-05,Online,,Original,Inferido: categoría + precio único,Importe/cantidad no recuperable
TXN_8846106,CUST_19,Beverages,Item_24_BEV,39.5,,,Digital Wallet,In-store,2024-10-16,Sí,2024,10,2024-10,In-store,,Original,Inferido: categoría + precio único,Importe/cantidad no recuperable
TXN_2931826,CUST_23,Butchers,Item_23_BUT,38.0,,,Credit Card,Online,2023-02-13,Sí,2023,2,2023-02,Online,,Original,Inferido: categoría + precio único,Importe/cantidad no recuperable
TXN_8040299,CUST_24,Computers and electric accessories,Item_12_CEA,21.5,,,Digital Wallet,Online,2024-09-16,No,2024,9,2024-09,Online,,Original,Inferido: categoría + precio único,Importe/cantidad no recuperable
TXN_9753602,CUST_18,Milk Products,Item_6_MILK,12.5,,,Cash,In-store,2022-03-31,Desconocido,2022,3,2022-03,In-store,,Original,Inferido: categoría + precio único,Importe/cantidad no recuperable
TXN_9195906,CUST_02,Electric household essentials,Item_19_EHE,32.0,,,Digital Wallet,In-store,2022-05-20,No,2022,5,2022-05,In-store,,Original,Inferido: categoría + precio único,Importe/cantidad no recuperable
TXN_2392647,CUST_04,Food,Item_8_FOOD,15.5,,,Cash,Online,2022-10-12,No,2022,10,2022-10,Online,,Original,Inferido: categoría + precio único,Importe/cantidad no recuperable
TXN_8941172,CUST_02,Electric household essentials,Item_25_EHE,41.0,,,Credit Card,Online,2022-07-09,Desconocido,2022,7,2022-07,Online,,Original,Inferido: categoría + precio único,Importe/cantidad no recuperable
TXN_3017691,CUST_14,Patisserie,Item_24_PAT,39.5,,,Credit Card,In-store,2022-10-14,Sí,2022,10,2022-10,In-store,,Original,Inferido: categoría + precio único,Importe/cantidad no recuperable
TXN_8256476,CUST_07,Computers and electric accessories,Item_12_CEA,21.5,,,Cash,In-store,2024-10-08,Sí,2024,10,2024-10,In-store,,Original,Inferido: categoría + precio único,Importe/cantidad no recuperable
TXN_8552028,CUST_13,Patisserie,Item_23_PAT,38.0,,,Cash,Online,2022-01-23,Sí,2022,1,2022-01,Online,,Original,Inferido: categoría + precio único,Importe/cantidad no recuperable
TXN_6278418,CUST_05,Milk Products,Item_12_MILK,21.5,,,Cash,Online,2023-03-21,Desconocido,2023,3,2023-03,Online,,Original,Inferido: categoría + precio único,Importe/cantidad no recuperable
TXN_5992097,CUST_17,Patisserie,Item_25_PAT,41.0,,,Digital Wallet,In-store,2024-02-13,Desconocido,2024,2,2024-02,In-store,,Original,Inferido: categoría + precio único,Importe/cantidad no recuperable
TXN_6709663,CUST_05,Food,Item_3_FOOD,8.0,,,Cash,Online,2022-10-23,Sí,2022,10,2022-10,Online,,Original,Inferido: categoría + precio único,Importe/cantidad no recuperable
TXN_8444157,CUST_11,Patisserie,Item_4_PAT,9.5,,,Digital Wallet,Online,2023-07-17,No,2023,7,2023-07,Online,,Original,Inferido: categoría + precio único,Importe/cantidad no recuperable
TXN_8963866,CUST_07,Milk Products,Item_11_MILK,20.0,,,Credit Card,Online,2022-12-09,No,2022,12,2022-12,Online,,Original,Inferido: categoría + precio único,Importe/cantidad no recuperable
TXN_4949721,CUST_08,Computers and electric accessories,Item_13_CEA,23.0,,,Credit Card,In-store,2022-04-28,Sí,2022,4,2022-04,In-store,,Original,Inferido: categoría + precio único,Importe/cantidad no recuperable
TXN_6272504,CUST_14,Furniture,Item_8_FUR,15.5,,,Digital Wallet,In-store,2023-02-28,Desconocido,2023,2,2023-02,In-store,,Original,Inferido: categoría + precio único,Importe/cantidad no recuperable
TXN_6736197,CUST_07,Food,Item_13_FOOD,23.0,,,Digital Wallet,In-store,2024-12-31,Sí,2024,12,2024-12,In-store,,Original,Inferido: categoría + precio único,Importe/cantidad no recuperable
TXN_4705521,CUST_07,Food,Item_5_FOOD,11.0,,,Cash,Online,2023-07-06,Desconocido,2023,7,2023-07,Online,,Original,Inferido: categoría + precio único,Importe/cantidad no recuperable
TXN_4772413,CUST_22,Milk Products,Item_20_MILK,33.5,,,Digital Wallet,Online,2023-05-13,Desconocido,2023,5,2023-05,Online,,Original,Inferido: categoría + precio único,Importe/cantidad no recuperable
TXN_3807303,CUST_03,Furniture,Item_24_FUR,39.5,,,Credit Card,Online,2022-10-08,No,2022,10,2022-10,Online,,Original,Inferido: categoría + precio único,Importe/cantidad no recuperable
TXN_9856733,CUST_03,Patisserie,Item_14_PAT,24.5,,,Credit Card,In-store,2023-03-15,Sí,2023,3,2023-03,In-store,,Original,Inferido: categoría + precio único,Importe/cantidad no recuperable
TXN_8966314,CUST_19,Milk Products,Item_18_MILK,30.5,,,Digital Wallet,Online,2023-04-14,Sí,2023,4,2023-04,Online,,Original,Inferido: categoría + precio único,Importe/cantidad no recuperable
TXN_1041890,CUST_03,Furniture,Item_16_FUR,27.5,,,Digital Wallet,Online,2022-07-02,No,2022,7,2022-07,Online,,Original,Inferido: categoría + precio único,Importe/cantidad no recuperable
TXN_1759177,CUST_20,Beverages,Item_12_BEV,21.5,,,Digital Wallet,In-store,2023-05-17,No,2023,5,2023-05,In-store,,Original,Inferido: categoría + precio único,Importe/cantidad no recuperable
TXN_3605723,CUST_04,Furniture,Item_11_FUR,20.0,,,Digital Wallet,Online,2023-05-27,No,2023,5,2023-05,Online,,Original,Inferido: categoría + precio único,Importe/cantidad no recuperable
TXN_6964544,CUST_16,Milk Products,Item_19_MILK,32.0,,,Cash,Online,2022-07-20,No,2022,7,2022-07,Online,,Original,Inferido: categoría + precio único,Importe/cantidad no recuperable
TXN_3858680,CUST_11,Electric household essentials,Item_19_EHE,32.0,,,Credit Card,Online,2023-03-16,No,2023,3,2023-03,Online,,Original,Inferido: categoría + precio único,Importe/cantidad no recuperable
TXN_4570138,CUST_14,Beverages,Item_21_BEV,35.0,,,Cash,Online,2022-09-03,Desconocido,2022,9,2022-09,Online,,Original,Inferido: categoría + precio único,Importe/cantidad no recuperable
TXN_4967198,CUST_20,Furniture,Item_25_FUR,41.0,,,Digital Wallet,In-store,2022-01-14,Sí,2022,1,2022-01,In-store,,Original,Inferido: categoría + precio único,Importe/cantidad no recuperable
TXN_7608681,CUST_17,Electric household essentials,Item_15_EHE,26.0,,,Digital Wallet,In-store,2024-03-07,Sí,2024,3,2024-03,In-store,,Original,Inferido: categoría + precio único,Importe/cantidad no recuperable
TXN_1382421,CUST_14,Beverages,Item_20_BEV,33.5,,,Credit Card,In-store,2024-07-12,Desconocido,2024,7,2024-07,In-store,,Original,Inferido: categoría + precio único,Importe/cantidad no recuperable
TXN_4862692,CUST_12,Patisserie,Item_20_PAT,33.5,,,Cash,In-store,2023-01-09,Desconocido,2023,1,2023-01,In-store,,Original,Inferido: categoría + precio único,Importe/cantidad no recuperable
TXN_4240515,CUST_09,Electric household essentials,Item_17_EHE,29.0,,,Credit Card,Online,2023-09-23,Sí,2023,9,2023-09,Online,,Original,Inferido: categoría + precio único,Importe/cantidad no recuperable
TXN_6461820,CUST_18,Food,Item_22_FOOD,36.5,,,Cash,In-store,2023-11-29,Desconocido,2023,11,2023-11,In-store,,Original,Inferido: categoría + precio único,Importe/cantidad no recuperable
TXN_2158665,CUST_19,Electric household essentials,Item_13_EHE,23.0,,,Digital Wallet,In-store,2022-07-27,No,2022,7,2022-07,In-store,,Original,Inferido: categoría + precio único,Importe/cantidad no recuperable
TXN_6595686,CUST_18,Milk Products,Item_19_MILK,32.0,,,Cash,Online,2023-11-13,No,2023,11,2023-11,Online,,Original,Inferido: categoría + precio único,Importe/cantidad no recuperable
TXN_3943422,CUST_19,Patisserie,Item_25_PAT,41.0,,,Credit Card,In-store,2024-12-09,No,2024,12,2024-12,In-store,,Original,Inferido: categoría + precio único,Importe/cantidad no recuperable
TXN_9906846,CUST_08,Beverages,Item_4_BEV,9.5,,,Cash,Online,2023-10-03,Desconocido,2023,10,2023-10,Online,,Original,Inferido: categoría + precio único,Importe/cantidad no recuperable
TXN_5237132,CUST_08,Furniture,Item_25_FUR,41.0,,,Digital Wallet,In-store,2022-11-28,Desconocido,2022,11,2022-11,In-store,,Original,Inferido: categoría + precio único,Importe/cantidad no recuperable
TXN_3649978,CUST_03,Butchers,Item_11_BUT,20.0,,,Digital Wallet,In-store,2023-06-13,No,2023,6,2023-06,In-store,,Original,Inferido: categoría + precio único,Importe/cantidad no recuperable
TXN_7684996,CUST_15,Patisserie,Item_8_PAT,15.5,,,Digital Wallet,In-store,2022-12-04,No,2022,12,2022-12,In-store,,Original,Inferido: categoría + precio único,Importe/cantidad no recuperable
TXN_5963334,CUST_07,Computers and electric accessories,Item_19_CEA,32.0,,,Cash,Online,2022-02-11,No,2022,2,2022-02,Online,,Original,Inferido: categoría + precio único,Importe/cantidad no recuperable
TXN_3416433,CUST_10,Electric household essentials,Item_9_EHE,17.0,,,Digital Wallet,In-store,2022-03-01,Sí,2022,3,2022-03,In-store,,Original,Inferido: categoría + precio único,Importe/cantidad no recuperable
TXN_2160657,CUST_16,Electric household essentials,Item_16_EHE,27.5,,,Digital Wallet,Online,2023-12-23,Sí,2023,12,2023-12,Online,,Original,Inferido: categoría + precio único,Importe/cantidad no recuperable
TXN_6285433,CUST_24,Computers and electric accessories,Item_9_CEA,17.0,,,Credit Card,In-store,2023-07-18,Sí,2023,7,2023-07,In-store,,Original,Inferido: categoría + precio único,Importe/cantidad no recuperable
TXN_9551364,CUST_11,Butchers,Item_3_BUT,8.0,,,Credit Card,In-store,2022-06-27,Desconocido,2022,6,2022-06,In-store,,Original,Inferido: categoría + precio único,Importe/cantidad no recuperable
TXN_1419872,CUST_11,Furniture,Item_4_FUR,9.5,,,Digital Wallet,Online,2022-06-04,Desconocido,2022,6,2022-06,Online,,Original,Inferido: categoría + precio único,Importe/cantidad no recuperable
TXN_2909351,CUST_11,Milk Products,Item_11_MILK,20.0,,,Cash,In-store,2024-08-14,Sí,2024,8,2024-08,In-store,,Original,Inferido: categoría + precio único,Importe/cantidad no recuperable
TXN_4782711,CUST_20,Electric household essentials,Item_5_EHE,11.0,,,Digital Wallet,In-store,2022-05-17,No,2022,5,2022-05,In-store,,Original,Inferido: categoría + precio único,Importe/cantidad no recuperable
TXN_9659189,CUST_13,Computers and electric accessories,Item_20_CEA,33.5,,,Credit Card,Online,2024-06-20,Desconocido,2024,6,2024-06,Online,,Original,Inferido: categoría + precio único,Importe/cantidad no recuperable
TXN_1208593,CUST_21,Patisserie,Item_11_PAT,20.0,,,Credit Card,In-store,2022-11-19,Desconocido,2022,11,2022-11,In-store,,Original,Inferido: categoría + precio único,Importe/cantidad no recuperable
TXN_2794565,CUST_17,Beverages,Item_14_BEV,24.5,,,Credit Card,In-store,2023-03-11,Sí,2023,3,2023-03,In-store,,Original,Inferido: categoría + precio único,Importe/cantidad no recuperable
TXN_5127072,CUST_18,Electric household essentials,Item_20_EHE,33.5,,,Credit Card,In-store,2023-09-21,Desconocido,2023,9,2023-09,In-store,,Original,Inferido: categoría + precio único,Importe/cantidad no recuperable
TXN_8889522,CUST_21,Milk Products,Item_6_MILK,12.5,,,Cash,Online,2023-09-21,Sí,2023,9,2023-09,Online,,Original,Inferido: categoría + precio único,Importe/cantidad no recuperable
TXN_3701394,CUST_06,Milk Products,Item_11_MILK,20.0,,,Digital Wallet,Online,2022-07-28,No,2022,7,2022-07,Online,,Original,Inferido: categoría + precio único,Importe/cantidad no recuperable
TXN_4738336,CUST_18,Milk Products,Item_14_MILK,24.5,,,Cash,Online,2023-03-05,No,2023,3,2023-03,Online,,Original,Inferido: categoría + precio único,Importe/cantidad no recuperable
TXN_6307499,CUST_22,Electric household essentials,Item_20_EHE,33.5,,,Credit Card,In-store,2023-06-22,Sí,2023,6,2023-06,In-store,,Original,Inferido: categoría + precio único,Importe/cantidad no recuperable
TXN_2995389,CUST_20,Computers and electric accessories,Item_5_CEA,11.0,,,Credit Card,Online,2022-11-28,No,2022,11,2022-11,Online,,Original,Inferido: categoría + precio único,Importe/cantidad no recuperable
TXN_5833782,CUST_17,Milk Products,Item_23_MILK,38.0,,,Credit Card,In-store,2023-09-25,Sí,2023,9,2023-09,In-store,,Original,Inferido: categoría + precio único,Importe/cantidad no recuperable
TXN_9074980,CUST_02,Food,Item_5_FOOD,11.0,,,Credit Card,In-store,2024-10-07,Desconocido,2024,10,2024-10,In-store,,Original,Inferido: categoría + precio único,Importe/cantidad no recuperable
TXN_6376357,CUST_16,Butchers,Item_3_BUT,8.0,,,Cash,Online,2024-09-29,No,2024,9,2024-09,Online,,Original,Inferido: categoría + precio único,Importe/cantidad no recuperable
TXN_3224536,CUST_18,Milk Products,Item_11_MILK,20.0,,,Digital Wallet,Online,2022-05-10,No,2022,5,2022-05,Online,,Original,Inferido: categoría + precio único,Importe/cantidad no recuperable
TXN_5427219,CUST_04,Milk Products,Item_1_MILK,5.0,,,Cash,In-store,2024-12-19,Sí,2024,12,2024-12,In-store,,Original,Inferido: categoría + precio único,Importe/cantidad no recuperable
TXN_2968416,CUST_17,Food,Item_24_FOOD,39.5,,,Digital Wallet,Online,2022-04-13,Desconocido,2022,4,2022-04,Online,,Original,Inferido: categoría + precio único,Importe/cantidad no recuperable
TXN_6396781,CUST_03,Computers and electric accessories,Item_16_CEA,27.5,,,Cash,In-store,2023-02-04,Sí,2023,2,2023-02,In-store,,Original,Inferido: categoría + precio único,Importe/cantidad no recuperable
TXN_2564188,CUST_05,Patisserie,Item_6_PAT,12.5,,,Credit Card,In-store,2024-04-14,Desconocido,2024,4,2024-04,In-store,,Original,Inferido: categoría + precio único,Importe/cantidad no recuperable
TXN_9712639,CUST_10,Computers and electric accessories,Item_22_CEA,36.5,,,Digital Wallet,In-store,2023-08-04,No,2023,8,2023-08,In-store,,Original,Inferido: categoría + precio único,Importe/cantidad no recuperable
TXN_7553716,CUST_22,Food,Item_22_FOOD,36.5,,,Cash,In-store,2024-04-07,Sí,2024,4,2024-04,In-store,,Original,Inferido: categoría + precio único,Importe/cantidad no recuperable
TXN_4656312,CUST_22,Patisserie,Item_14_PAT,24.5,,,Digital Wallet,In-store,2023-06-10,No,2023,6,2023-06,In-store,,Original,Inferido: categoría + precio único,Importe/cantidad no recuperable
TXN_9114949,CUST_09,Beverages,Item_18_BEV,30.5,,,Cash,Online,2022-04-11,Sí,2022,4,2022-04,Online,,Original,Inferido: categoría + precio único,Importe/cantidad no recuperable
TXN_9237487,CUST_22,Computers and electric accessories,Item_19_CEA,32.0,,,Cash,Online,2022-08-11,No,2022,8,2022-08,Online,,Original,Inferido: categoría + precio único,Importe/cantidad no recuperable
TXN_4075359,CUST_06,Furniture,Item_6_FUR,12.5,,,Credit Card,In-store,2024-10-13,No,2024,10,2024-10,In-store,,Original,Inferido: categoría + precio único,Importe/cantidad no recuperable
TXN_7013735,CUST_25,Furniture,Item_24_FUR,39.5,,,Credit Card,Online,2022-11-07,Desconocido,2022,11,2022-11,Online,,Original,Inferido: categoría + precio único,Importe/cantidad no recuperable
TXN_8388501,CUST_19,Furniture,Item_11_FUR,20.0,,,Credit Card,Online,2022-04-24,No,2022,4,2022-04,Online,,Original,Inferido: categoría + precio único,Importe/cantidad no recuperable
TXN_7777970,CUST_19,Computers and electric accessories,Item_19_CEA,32.0,,,Digital Wallet,Online,2024-01-02,No,2024,1,2024-01,Online,,Original,Inferido: categoría + precio único,Importe/cantidad no recuperable
TXN_6677596,CUST_09,Milk Products,Item_16_MILK,27.5,,,Credit Card,In-store,2024-12-02,Sí,2024,12,2024-12,In-store,,Original,Inferido: categoría + precio único,Importe/cantidad no recuperable
TXN_8865856,CUST_05,Beverages,Item_9_BEV,17.0,,,Cash,Online,2023-04-11,Sí,2023,4,2023-04,Online,,Original,Inferido: categoría + precio único,Importe/cantidad no recuperable
TXN_9246983,CUST_09,Electric household essentials,Item_15_EHE,26.0,,,Cash,Online,2024-07-24,Desconocido,2024,7,2024-07,Online,,Original,Inferido: categoría + precio único,Importe/cantidad no recuperable
TXN_4548028,CUST_20,Food,Item_24_FOOD,39.5,,,Credit Card,In-store,2024-08-04,Sí,2024,8,2024-08,In-store,,Original,Inferido: categoría + precio único,Importe/cantidad no recuperable
TXN_5351182,CUST_18,Food,Item_2_FOOD,6.5,,,Credit Card,In-store,2023-04-10,Sí,2023,4,2023-04,In-store,,Original,Inferido: categoría + precio único,Importe/cantidad no recuperable
TXN_4992208,CUST_22,Food,Item_5_FOOD,11.0,,,Cash,Online,2023-03-27,Sí,2023,3,2023-03,Online,,Original,Inferido: categoría + precio único,Importe/cantidad no recuperable
TXN_2191926,CUST_19,Butchers,Item_9_BUT,17.0,,,Digital Wallet,In-store,2022-10-18,Sí,2022,10,2022-10,In-store,,Original,Inferido: categoría + precio único,Importe/cantidad no recuperable
TXN_4396084,CUST_19,Furniture,Item_5_FUR,11.0,,,Cash,In-store,2024-03-30,Sí,2024,3,2024-03,In-store,,Original,Inferido: categoría + precio único,Importe/cantidad no recuperable
TXN_3149006,CUST_08,Milk Products,Item_23_MILK,38.0,,,Credit Card,Online,2024-05-19,Sí,2024,5,2024-05,Online,,Original,Inferido: categoría + precio único,Importe/cantidad no recuperable
TXN_3742213,CUST_21,Butchers,Item_2_BUT,6.5,,,Cash,In-store,2023-12-10,Sí,2023,12,2023-12,In-store,,Original,Inferido: categoría + precio único,Importe/cantidad no recuperable
TXN_3964623,CUST_22,Milk Products,Item_22_MILK,36.5,,,Cash,In-store,2024-03-01,Desconocido,2024,3,2024-03,In-store,,Original,Inferido: categoría + precio único,Importe/cantidad no recuperable
TXN_3384705,CUST_17,Computers and electric accessories,Item_7_CEA,14.0,,,Cash,In-store,2023-10-05,Sí,2023,10,2023-10,In-store,,Original,Inferido: categoría + precio único,Importe/cantidad no recuperable
TXN_8126831,CUST_23,Butchers,Item_17_BUT,29.0,,,Credit Card,In-store,2023-11-25,Desconocido,2023,11,2023-11,In-store,,Original,Inferido: categoría + precio único,Importe/cantidad no recuperable
TXN_5862292,CUST_11,Beverages,Item_7_BEV,14.0,,,Credit Card,In-store,2023-04-16,Desconocido,2023,4,2023-04,In-store,,Original,Inferido: categoría + precio único,Importe/cantidad no recuperable
TXN_9177670,CUST_25,Computers and electric accessories,Item_19_CEA,32.0,,,Cash,Online,2024-10-20,Sí,2024,10,2024-10,Online,,Original,Inferido: categoría + precio único,Importe/cantidad no recuperable
TXN_4880413,CUST_17,Furniture,Item_11_FUR,20.0,,,Cash,In-store,2022-02-25,Desconocido,2022,2,2022-02,In-store,,Original,Inferido: categoría + precio único,Importe/cantidad no recuperable
TXN_9875507,CUST_15,Computers and electric accessories,Item_15_CEA,26.0,,,Digital Wallet,Online,2022-07-16,No,2022,7,2022-07,Online,,Original,Inferido: categoría + precio único,Importe/cantidad no recuperable
TXN_4581027,CUST_10,Patisserie,Item_24_PAT,39.5,,,Cash,In-store,2022-11-07,No,2022,11,2022-11,In-store,,Original,Inferido: categoría + precio único,Importe/cantidad no recuperable
TXN_4261143,CUST_20,Milk Products,Item_17_MILK,29.0,,,Credit Card,In-store,2022-12-11,Sí,2022,12,2022-12,In-store,,Original,Inferido: categoría + precio único,Importe/cantidad no recuperable
TXN_8631857,CUST_11,Food,Item_22_FOOD,36.5,,,Digital Wallet,In-store,2022-04-13,No,2022,4,2022-04,In-store,,Original,Inferido: categoría + precio único,Importe/cantidad no recuperable
TXN_5308843,CUST_13,Food,Item_4_FOOD,9.5,,,Credit Card,In-store,2022-12-24,Sí,2022,12,2022-12,In-store,,Original,Inferido: categoría + precio único,Importe/cantidad no recuperable
TXN_4143842,CUST_05,Butchers,Item_13_BUT,23.0,,,Digital Wallet,In-store,2023-06-07,Sí,2023,6,2023-06,In-store,,Original,Inferido: categoría + precio único,Importe/cantidad no recuperable
TXN_3022586,CUST_24,Butchers,Item_14_BUT,24.5,,,Digital Wallet,In-store,2024-08-13,Sí,2024,8,2024-08,In-store,,Original,Inferido: categoría + precio único,Importe/cantidad no recuperable
TXN_5266615,CUST_20,Patisserie,Item_2_PAT,6.5,,,Digital Wallet,In-store,2024-04-10,Desconocido,2024,4,2024-04,In-store,,Original,Inferido: categoría + precio único,Importe/cantidad no recuperable
TXN_5612933,CUST_23,Butchers,Item_6_BUT,12.5,,,Cash,In-store,2022-06-02,Desconocido,2022,6,2022-06,In-store,,Original,Inferido: categoría + precio único,Importe/cantidad no recuperable
TXN_9103065,CUST_03,Food,Item_13_FOOD,23.0,,,Cash,In-store,2022-05-21,Sí,2022,5,2022-05,In-store,,Original,Inferido: categoría + precio único,Importe/cantidad no recuperable
TXN_1955780,CUST_18,Milk Products,Item_16_MILK,27.5,,,Credit Card,Online,2023-07-12,Desconocido,2023,7,2023-07,Online,,Original,Inferido: categoría + precio único,Importe/cantidad no recuperable
TXN_6241198,CUST_24,Computers and electric accessories,Item_21_CEA,35.0,,,Credit Card,Online,2023-10-02,No,2023,10,2023-10,Online,,Original,Inferido: categoría + precio único,Importe/cantidad no recuperable
TXN_1768505,CUST_21,Food,Item_3_FOOD,8.0,,,Cash,In-store,2024-08-24,Sí,2024,8,2024-08,In-store,,Original,Inferido: categoría + precio único,Importe/cantidad no recuperable
TXN_3760533,CUST_04,Computers and electric accessories,Item_19_CEA,32.0,,,Digital Wallet,Online,2022-10-31,Sí,2022,10,2022-10,Online,,Original,Inferido: categoría + precio único,Importe/cantidad no recuperable
TXN_6585500,CUST_25,Electric household essentials,Item_1_EHE,5.0,,,Credit Card,Online,2022-10-09,Sí,2022,10,2022-10,Online,,Original,Inferido: categoría + precio único,Importe/cantidad no recuperable
TXN_6342389,CUST_02,Food,Item_18_FOOD,30.5,,,Cash,In-store,2024-10-09,Sí,2024,10,2024-10,In-store,,Original,Inferido: categoría + precio único,Importe/cantidad no recuperable
TXN_8315157,CUST_01,Furniture,Item_25_FUR,41.0,,,Cash,Online,2023-04-19,No,2023,4,2023-04,Online,,Original,Inferido: categoría + precio único,Importe/cantidad no recuperable
TXN_7528195,CUST_24,Patisserie,Item_14_PAT,24.5,,,Credit Card,Online,2023-03-15,Desconocido,2023,3,2023-03,Online,,Original,Inferido: categoría + precio único,Importe/cantidad no recuperable
TXN_3995208,CUST_05,Food,Item_9_FOOD,17.0,,,Digital Wallet,In-store,2022-06-02,Desconocido,2022,6,2022-06,In-store,,Original,Inferido: categoría + precio único,Importe/cantidad no recuperable
TXN_7467051,CUST_22,Milk Products,Item_7_MILK,14.0,,,Credit Card,In-store,2024-05-18,No,2024,5,2024-05,In-store,,Original,Inferido: categoría + precio único,Importe/cantidad no recuperable
TXN_9868145,CUST_15,Patisserie,Item_4_PAT,9.5,,,Credit Card,In-store,2023-06-02,Sí,2023,6,2023-06,In-store,,Original,Inferido: categoría + precio único,Importe/cantidad no recuperable
TXN_3171724,CUST_18,Patisserie,Item_17_PAT,29.0,,,Digital Wallet,Online,2023-05-07,No,2023,5,2023-05,Online,,Original,Inferido: categoría + precio único,Importe/cantidad no recuperable
TXN_1851869,CUST_20,Electric household essentials,Item_20_EHE,33.5,,,Cash,In-store,2023-12-17,Sí,2023,12,2023-12,In-store,,Original,Inferido: categoría + precio único,Importe/cantidad no recuperable
TXN_8972502,CUST_12,Food,Item_4_FOOD,9.5,,,Digital Wallet,Online,2024-05-05,Desconocido,2024,5,2024-05,Online,,Original,Inferido: categoría + precio único,Importe/cantidad no recuperable
TXN_7869272,CUST_06,Butchers,Item_4_BUT,9.5,,,Digital Wallet,In-store,2023-01-12,Desconocido,2023,1,2023-01,In-store,,Original,Inferido: categoría + precio único,Importe/cantidad no recuperable
TXN_7450689,CUST_18,Butchers,Item_6_BUT,12.5,,,Credit Card,Online,2023-05-25,Sí,2023,5,2023-05,Online,,Original,Inferido: categoría + precio único,Importe/cantidad no recuperable
TXN_3573477,CUST_18,Milk Products,Item_19_MILK,32.0,,,Cash,In-store,2023-08-22,Sí,2023,8,2023-08,In-store,,Original,Inferido: categoría + precio único,Importe/cantidad no recuperable
TXN_4090954,CUST_21,Milk Products,Item_19_MILK,32.0,,,Credit Card,Online,2024-08-03,No,2024,8,2024-08,Online,,Original,Inferido: categoría + precio único,Importe/cantidad no recuperable
TXN_5238332,CUST_23,Beverages,Item_14_BEV,24.5,,,Digital Wallet,Online,2025-01-15,No,2025,1,2025-01,Online,,Original,Inferido: categoría + precio único,Importe/cantidad no recuperable
TXN_9208311,CUST_06,Electric household essentials,Item_20_EHE,33.5,,,Digital Wallet,In-store,2023-04-12,Desconocido,2023,4,2023-04,In-store,,Original,Inferido: categoría + precio único,Importe/cantidad no recuperable
TXN_3964699,CUST_15,Patisserie,Item_17_PAT,29.0,,,Credit Card,In-store,2023-12-19,Desconocido,2023,12,2023-12,In-store,,Original,Inferido: categoría + precio único,Importe/cantidad no recuperable
TXN_3306261,CUST_15,Electric household essentials,Item_2_EHE,6.5,,,Digital Wallet,In-store,2024-03-25,No,2024,3,2024-03,In-store,,Original,Inferido: categoría + precio único,Importe/cantidad no recuperable
TXN_9478937,CUST_05,Patisserie,Item_13_PAT,23.0,,,Digital Wallet,Online,2022-11-14,Sí,2022,11,2022-11,Online,,Original,Inferido: categoría + precio único,Importe/cantidad no recuperable
TXN_4311947,CUST_18,Electric household essentials,Item_7_EHE,14.0,,,Digital Wallet,In-store,2023-07-17,No,2023,7,2023-07,In-store,,Original,Inferido: categoría + precio único,Importe/cantidad no recuperable
TXN_1834624,CUST_25,Patisserie,Item_24_PAT,39.5,,,Cash,In-store,2023-07-22,Sí,2023,7,2023-07,In-store,,Original,Inferido: categoría + precio único,Importe/cantidad no recuperable
TXN_9663281,CUST_10,Milk Products,Item_4_MILK,9.5,,,Digital Wallet,In-store,2024-06-08,Desconocido,2024,6,2024-06,In-store,,Original,Inferido: categoría + precio único,Importe/cantidad no recuperable
TXN_8047218,CUST_17,Food,Item_18_FOOD,30.5,,,Credit Card,Online,2024-02-14,Desconocido,2024,2,2024-02,Online,,Original,Inferido: categoría + precio único,Importe/cantidad no recuperable
TXN_4475227,CUST_18,Electric household essentials,Item_12_EHE,21.5,,,Digital Wallet,Online,2024-05-10,Desconocido,2024,5,2024-05,Online,,Original,Inferido: categoría + precio único,Importe/cantidad no recuperable
TXN_2305144,CUST_24,Food,Item_22_FOOD,36.5,,,Digital Wallet,Online,2022-06-15,Sí,2022,6,2022-06,Online,,Original,Inferido: categoría + precio único,Importe/cantidad no recuperable
TXN_3311644,CUST_24,Computers and electric accessories,Item_19_CEA,32.0,,,Cash,Online,2025-01-01,Desconocido,2025,1,2025-01,Online,,Original,Inferido: categoría + precio único,Importe/cantidad no recuperable
TXN_4259454,CUST_09,Computers and electric accessories,Item_20_CEA,33.5,,,Credit Card,In-store,2024-07-29,Sí,2024,7,2024-07,In-store,,Original,Inferido: categoría + precio único,Importe/cantidad no recuperable
TXN_8157843,CUST_11,Milk Products,Item_23_MILK,38.0,,,Digital Wallet,In-store,2023-03-29,Desconocido,2023,3,2023-03,In-store,,Original,Inferido: categoría + precio único,Importe/cantidad no recuperable
TXN_5211253,CUST_19,Furniture,Item_20_FUR,33.5,,,Credit Card,Online,2022-07-12,Sí,2022,7,2022-07,Online,,Original,Inferido: categoría + precio único,Importe/cantidad no recuperable
TXN_8407265,CUST_08,Furniture,Item_25_FUR,41.0,,,Credit Card,In-store,2024-08-30,Desconocido,2024,8,2024-08,In-store,,Original,Inferido: categoría + precio único,Importe/cantidad no recuperable
TXN_2598056,CUST_05,Furniture,Item_15_FUR,26.0,,,Credit Card,In-store,2024-06-30,No,2024,6,2024-06,In-store,,Original,Inferido: categoría + precio único,Importe/cantidad no recuperable
TXN_1799662,CUST_23,Food,Item_12_FOOD,21.5,,,Digital Wallet,Online,2022-01-09,No,2022,1,2022-01,Online,,Original,Inferido: categoría + precio único,Importe/cantidad no recuperable
TXN_6304327,CUST_18,Electric household essentials,Item_19_EHE,32.0,,,Credit Card,Online,2023-03-23,No,2023,3,2023-03,Online,,Original,Inferido: categoría + precio único,Importe/cantidad no recuperable
TXN_8970327,CUST_06,Patisserie,Item_7_PAT,14.0,,,Digital Wallet,Online,2024-07-16,Desconocido,2024,7,2024-07,Online,,Original,Inferido: categoría + precio único,Importe/cantidad no recuperable
TXN_5693955,CUST_08,Electric household essentials,Item_9_EHE,17.0,,,Credit Card,Online,2022-07-01,Desconocido,2022,7,2022-07,Online,,Original,Inferido: categoría + precio único,Importe/cantidad no recuperable
TXN_4682522,CUST_07,Electric household essentials,Item_15_EHE,26.0,,,Cash,Online,2024-07-09,No,2024,7,2024-07,Online,,Original,Inferido: categoría + precio único,Importe/cantidad no recuperable
TXN_7224775,CUST_02,Butchers,Item_12_BUT,21.5,,,Cash,In-store,2024-05-08,Sí,2024,5,2024-05,In-store,,Original,Inferido: categoría + precio único,Importe/cantidad no recuperable
TXN_4338398,CUST_07,Food,Item_4_FOOD,9.5,,,Digital Wallet,Online,2024-09-14,Desconocido,2024,9,2024-09,Online,,Original,Inferido: categoría + precio único,Importe/cantidad no recuperable
TXN_9298092,CUST_09,Electric household essentials,Item_13_EHE,23.0,,,Digital Wallet,In-store,2022-11-14,No,2022,11,2022-11,In-store,,Original,Inferido: categoría + precio único,Importe/cantidad no recuperable
TXN_8812902,CUST_10,Computers and electric accessories,Item_5_CEA,11.0,,,Credit Card,Online,2022-11-17,Sí,2022,11,2022-11,Online,,Original,Inferido: categoría + precio único,Importe/cantidad no recuperable
TXN_4194229,CUST_20,Beverages,Item_21_BEV,35.0,,,Credit Card,In-store,2022-02-02,Desconocido,2022,2,2022-02,In-store,,Original,Inferido: categoría + precio único,Importe/cantidad no recuperable
TXN_4879610,CUST_04,Food,Item_5_FOOD,11.0,,,Digital Wallet,Online,2022-08-05,Desconocido,2022,8,2022-08,Online,,Original,Inferido: categoría + precio único,Importe/cantidad no recuperable
TXN_1223128,CUST_13,Butchers,Item_15_BUT,26.0,,,Digital Wallet,In-store,2023-10-24,No,2023,10,2023-10,In-store,,Original,Inferido: categoría + precio único,Importe/cantidad no recuperable
TXN_2252968,CUST_17,Patisserie,Item_8_PAT,15.5,,,Credit Card,Online,2022-12-11,No,2022,12,2022-12,Online,,Original,Inferido: categoría + precio único,Importe/cantidad no recuperable
TXN_8297757,CUST_17,Beverages,Item_3_BEV,8.0,,,Cash,Online,2022-12-27,Sí,2022,12,2022-12,Online,,Original,Inferido: categoría + precio único,Importe/cantidad no recuperable
TXN_6330621,CUST_17,Electric household essentials,Item_25_EHE,41.0,,,Digital Wallet,Online,2024-01-12,Desconocido,2024,1,2024-01,Online,,Original,Inferido: categoría + precio único,Importe/cantidad no recuperable
TXN_5545903,CUST_25,Milk Products,Item_12_MILK,21.5,,,Credit Card,In-store,2022-03-25,Sí,2022,3,2022-03,In-store,,Original,Inferido: categoría + precio único,Importe/cantidad no recuperable
TXN_2414883,CUST_04,Food,Item_25_FOOD,41.0,,,Cash,In-store,2022-02-01,Desconocido,2022,2,2022-02,In-store,,Original,Inferido: categoría + precio único,Importe/cantidad no recuperable
TXN_1720372,CUST_20,Food,Item_5_FOOD,11.0,,,Credit Card,In-store,2023-10-23,Sí,2023,10,2023-10,In-store,,Original,Inferido: categoría + precio único,Importe/cantidad no recuperable
TXN_9279801,CUST_03,Furniture,Item_24_FUR,39.5,,,Credit Card,In-store,2022-05-27,Desconocido,2022,5,2022-05,In-store,,Original,Inferido: categoría + precio único,Importe/cantidad no recuperable
TXN_7072261,CUST_19,Patisserie,Item_23_PAT,38.0,,,Credit Card,In-store,2024-03-08,Desconocido,2024,3,2024-03,In-store,,Original,Inferido: categoría + precio único,Importe/cantidad no recuperable
TXN_9493727,CUST_07,Milk Products,Item_22_MILK,36.5,,,Credit Card,Online,2023-09-20,No,2023,9,2023-09,Online,,Original,Inferido: categoría + precio único,Importe/cantidad no recuperable
TXN_6073559,CUST_19,Butchers,Item_12_BUT,21.5,,,Digital Wallet,Online,2023-07-18,No,2023,7,2023-07,Online,,Original,Inferido: categoría + precio único,Importe/cantidad no recuperable
TXN_2912144,CUST_06,Electric household essentials,Item_20_EHE,33.5,,,Credit Card,In-store,2023-12-21,Desconocido,2023,12,2023-12,In-store,,Original,Inferido: categoría + precio único,Importe/cantidad no recuperable
TXN_3425314,CUST_09,Butchers,Item_3_BUT,8.0,,,Cash,In-store,2024-10-14,No,2024,10,2024-10,In-store,,Original,Inferido: categoría + precio único,Importe/cantidad no recuperable
TXN_5573824,CUST_16,Patisserie,Item_25_PAT,41.0,,,Digital Wallet,In-store,2022-03-30,Sí,2022,3,2022-03,In-store,,Original,Inferido: categoría + precio único,Importe/cantidad no recuperable
TXN_2450919,CUST_15,Furniture,Item_7_FUR,14.0,,,Cash,Online,2024-04-11,Sí,2024,4,2024-04,Online,,Original,Inferido: categoría + precio único,Importe/cantidad no recuperable
TXN_4174028,CUST_17,Butchers,Item_2_BUT,6.5,,,Credit Card,Online,2022-01-07,Desconocido,2022,1,2022-01,Online,,Original,Inferido: categoría + precio único,Importe/cantidad no recuperable
TXN_2997457,CUST_02,Beverages,Item_14_BEV,24.5,,,Digital Wallet,Online,2023-07-04,No,2023,7,2023-07,Online,,Original,Inferido: categoría + precio único,Importe/cantidad no recuperable
TXN_3638067,CUST_11,Electric household essentials,Item_21_EHE,35.0,,,Digital Wallet,In-store,2022-04-21,Desconocido,2022,4,2022-04,In-store,,Original,Inferido: categoría + precio único,Importe/cantidad no recuperable
TXN_1069238,CUST_23,Food,Item_1_FOOD,5.0,,,Digital Wallet,In-store,2022-08-13,No,2022,8,2022-08,In-store,,Original,Inferido: categoría + precio único,Importe/cantidad no recuperable
TXN_4823896,CUST_05,Milk Products,Item_3_MILK,8.0,,,Cash,In-store,2022-07-21,No,2022,7,2022-07,In-store,,Original,Inferido: categoría + precio único,Importe/cantidad no recuperable
TXN_4397672,CUST_04,Beverages,Item_25_BEV,41.0,,,Credit Card,Online,2024-11-28,Sí,2024,11,2024-11,Online,,Original,Inferido: categoría + precio único,Importe/cantidad no recuperable
TXN_7422454,CUST_07,Butchers,Item_20_BUT,33.5,,,Cash,Online,2023-04-15,Desconocido,2023,4,2023-04,Online,,Original,Inferido: categoría + precio único,Importe/cantidad no recuperable
TXN_2153066,CUST_17,Electric household essentials,Item_17_EHE,29.0,,,Digital Wallet,In-store,2024-03-28,No,2024,3,2024-03,In-store,,Original,Inferido: categoría + precio único,Importe/cantidad no recuperable
